521360.101, -3, 167, 96, 311
521360.101, -2, 165, 97, 313
521360.101, -1, 164, 95, 311
521360.101, 0, 166, 97, 311
521360.421, -3, 166, 98, 312
521360.421, -2, 164, 98, 311
521360.421, -1, 166, 95, 311
521360.421, 0, 163, 97, 309
521360.741, -3, 164, 95, 313
521360.741, -2, 165, 96, 312
521360.741, -1, 165, 98, 310
521360.741, 0, 165, 97, 311
521361.061, -3, 165, 97, 311
521361.061, -2, 163, 99, 310
521361.061, -1, 167, 97, 311
521361.061, 0, 164, 96, 310
521361.381, -3, 164, 97, 311
521361.381, -2, 165, 97, 312
521361.381, -1, 165, 100, 310
521361.381, 0, 165, 101, 310
521361.701, -3, 165, 100, 310
521361.701, -2, 167, 98, 311
521361.701, -1, 165, 101, 311
521361.701, 0, 164, 99, 311
521362.021, -3, 165, 98, 308
521362.021, -2, 164, 98, 310
521362.021, -1, 164, 98, 308
521362.021, 0, 165, 100, 307
521362.341, -3, 165, 99, 310
521362.341, -2, 167, 99, 309
521362.341, -1, 164, 99, 309
521362.341, 0, 164, 99, 309
521362.661, -3, 163, 102, 309
521362.661, -2, 165, 97, 308
521362.661, -1, 166, 100, 308
521362.661, 0, 165, 102, 308
521362.981, -3, 163, 101, 308
521362.981, -2, 165, 99, 307
521362.981, -1, 164, 100, 310
521362.981, 0, 165, 98, 308
521363.301, -3, 163, 102, 310
521363.301, -2, 165, 99, 307
521363.301, -1, 164, 102, 309
521363.301, 0, 164, 101, 308
521363.621, -3, 165, 101, 308
521363.621, -2, 162, 103, 311
521363.621, -1, 165, 101, 307
521363.621, 0, 166, 102, 309
521363.941, -3, 166, 100, 307
521363.941, -2, 165, 99, 309
521363.941, -1, 165, 101, 307
521363.941, 0, 164, 101, 310
521364.261, -3, 166, 101, 308
521364.261, -2, 163, 97, 309
521364.261, -1, 166, 102, 309
521364.261, 0, 162, 101, 310
521364.581, -3, 164, 99, 309
521364.581, -2, 163, 99, 308
521364.581, -1, 163, 99, 309
521364.581, 0, 165, 100, 310
521364.901, -3, 166, 98, 309
521364.901, -2, 164, 96, 311
521364.901, -1, 163, 99, 311
521364.901, 0, 164, 97, 310
521365.221, -3, 163, 99, 311
521365.221, -2, 164, 100, 310
521365.221, -1, 163, 97, 309
521365.221, 0, 164, 99, 310
521365.541, -3, 166, 99, 311
521365.541, -2, 164, 100, 309
521365.541, -1, 163, 100, 310
521365.541, 0, 166, 98, 309
521365.861, -3, 165, 101, 311
521365.861, -2, 162, 101, 312
521365.861, -1, 166, 100, 309
521365.861, 0, 164, 101, 311
521366.181, -3, 165, 101, 310
521366.181, -2, 163, 101, 309
521366.181, -1, 166, 98, 308
521366.181, 0, 165, 98, 308
521366.501, -3, 165, 99, 310
521366.501, -2, 164, 100, 308
521366.501, -1, 165, 101, 309
521366.501, 0, 164, 101, 312
521366.821, -3, 165, 99, 308
521366.821, -2, 164, 101, 309
521366.821, -1, 165, 103, 309
521366.821, 0, 165, 99, 309
521367.141, -3, 165, 99, 309
521367.141, -2, 164, 101, 311
521367.141, -1, 164, 99, 309
521367.141, 0, 164, 99, 308
521367.461, -3, 165, 101, 310
521367.461, -2, 164, 100, 310
521367.461, -1, 164, 100, 310
521367.461, 0, 164, 100, 309
521367.781, -3, 164, 101, 310
521367.781, -2, 163, 101, 309
521367.781, -1, 165, 102, 308
521367.781, 0, 165, 99, 310
521368.101, -3, 164, 101, 308
521368.101, -2, 163, 101, 310
521368.101, -1, 166, 102, 307
521368.101, 0, 164, 99, 309
521368.421, -3, 164, 100, 309
521368.421, -2, 163, 103, 310
521368.421, -1, 163, 100, 307
521368.421, 0, 164, 100, 308
521368.741, -3, 164, 99, 308
521368.741, -2, 165, 100, 306
521368.741, -1, 163, 102, 307
521368.741, 0, 163, 101, 308
521369.061, -3, 162, 102, 309
521369.061, -2, 162, 100, 307
521369.061, -1, 165, 100, 307
521369.061, 0, 164, 101, 309
521369.381, -3, 164, 100, 307
521369.381, -2, 162, 100, 309
521369.381, -1, 163, 99, 309
521369.381, 0, 163, 100, 308
521369.701, -3, 165, 101, 310
521369.701, -2, 163, 101, 310
521369.701, -1, 164, 102, 308
521369.701, 0, 164, 100, 310
521370.021, -3, 163, 101, 307
521370.021, -2, 163, 101, 308
521370.021, -1, 165, 103, 310
521370.021, 0, 161, 100, 308
521370.341, -3, 163, 101, 309
521370.341, -2, 163, 102, 308
521370.341, -1, 163, 101, 310
521370.341, 0, 163, 98, 312
521370.661, -3, 162, 97, 309
521370.661, -2, 161, 100, 311
521370.661, -1, 163, 95, 312
521370.661, 0, 162, 98, 311
521370.981, -3, 164, 96, 311
521370.981, -2, 161, 99, 311
521370.981, -1, 162, 96, 314
521370.981, 0, 163, 95, 312
521371.301, -3, 162, 95, 315
521371.301, -2, 161, 96, 313
521371.301, -1, 162, 96, 315
521371.301, 0, 163, 97, 312
521371.621, -3, 163, 98, 311
521371.621, -2, 161, 97, 311
521371.621, -1, 160, 95, 314
521371.621, 0, 161, 97, 313
521371.941, -3, 161, 97, 315
521371.941, -2, 162, 97, 313
521371.941, -1, 163, 96, 313
521371.941, 0, 161, 97, 311
521372.261, -3, 158, 100, 312
521372.261, -2, 157, 97, 312
521372.261, -1, 162, 98, 312
521372.261, 0, 161, 96, 314
521372.581, -3, 161, 96, 313
521372.581, -2, 162, 101, 312
521372.581, -1, 163, 96, 314
521372.581, 0, 163, 95, 313
521372.901, -3, 162, 92, 316
521372.901, -2, 163, 90, 315
521372.901, -1, 164, 93, 315
521372.901, 0, 164, 91, 314
521373.221, -3, 164, 90, 316
521373.221, -2, 164, 89, 317
521373.221, -1, 166, 88, 317
521373.221, 0, 165, 86, 318
521373.541, -3, 163, 84, 321
521373.541, -2, 164, 85, 318
521373.541, -1, 161, 84, 322
521373.541, 0, 161, 85, 319
521373.861, -3, 164, 84, 321
521373.861, -2, 163, 83, 319
521373.861, -1, 162, 82, 320
521373.861, 0, 161, 88, 319
521374.181, -3, 163, 84, 322
521374.181, -2, 159, 87, 320
521374.181, -1, 159, 86, 320
521374.181, 0, 159, 86, 319
521374.501, -3, 158, 88, 321
521374.501, -2, 161, 88, 320
521374.501, -1, 159, 87, 322
521374.501, 0, 156, 91, 321
521374.821, -3, 156, 92, 322
521374.821, -2, 156, 93, 322
521374.821, -1, 152, 92, 319
521374.821, 0, 150, 93, 320
521375.141, -3, 151, 91, 318
521375.141, -2, 150, 93, 316
521375.141, -1, 148, 94, 315
521375.141, 0, 147, 95, 313
521375.461, -3, 143, 95, 310
521375.461, -2, 142, 95, 312
521375.461, -1, 145, 94, 312
521375.461, 0, 145, 97, 309
521375.781, -3, 150, 96, 305
521375.781, -2, 152, 100, 305
521375.781, -1, 158, 101, 300
521375.781, 0, 164, 102, 300
521376.101, -3, 166, 102, 297
521376.101, -2, 168, 100, 296
521376.101, -1, 167, 104, 294
521376.101, 0, 169, 105, 292
521376.421, -3, 171, 106, 291
521376.421, -2, 170, 109, 288
521376.421, -1, 174, 108, 285
521376.421, 0, 174, 108, 285
521376.741, -3, 176, 109, 286
521376.741, -2, 175, 108, 287
521376.741, -1, 172, 110, 288
521376.741, 0, 173, 108, 289
521377.061, -3, 171, 110, 287
521377.061, -2, 171, 110, 291
521377.061, -1, 170, 110, 291
521377.061, 0, 167, 109, 291
521377.381, -3, 164, 109, 292
521377.381, -2, 162, 112, 294
521377.381, -1, 159, 111, 296
521377.381, 0, 157, 108, 297
521377.701, -3, 157, 111, 300
521377.701, -2, 160, 110, 301
521377.701, -1, 155, 110, 298
521377.701, 0, 158, 110, 300
521378.021, -3, 160, 110, 298
521378.021, -2, 161, 108, 298
521378.021, -1, 163, 108, 298
521378.021, 0, 166, 106, 295
521378.341, -3, 167, 105, 297
521378.341, -2, 166, 105, 297
521378.341, -1, 164, 108, 298
521378.341, 0, 165, 104, 296
521378.661, -3, 160, 106, 299
521378.661, -2, 160, 104, 301
521378.661, -1, 162, 106, 303
521378.661, 0, 160, 106, 304
521378.981, -3, 160, 104, 300
521378.981, -2, 159, 108, 303
521378.981, -1, 157, 108, 303
521378.981, 0, 157, 105, 302
521379.301, -3, 156, 108, 301
521379.301, -2, 154, 108, 304
521379.301, -1, 151, 110, 304
521379.301, 0, 151, 110, 304
521379.621, -3, 148, 109, 305
521379.621, -2, 147, 111, 307
521379.621, -1, 146, 111, 306
521379.621, 0, 147, 111, 307
521379.941, -3, 147, 108, 307
521379.941, -2, 148, 108, 305
521379.941, -1, 150, 108, 306
521379.941, 0, 149, 108, 306
521380.261, -3, 151, 105, 305
521380.261, -2, 151, 105, 307
521380.261, -1, 150, 104, 308
521380.261, 0, 148, 105, 308
521380.581, -3, 147, 106, 309
521380.581, -2, 144, 106, 307
521380.581, -1, 146, 104, 310
521380.581, 0, 148, 103, 309
521380.901, -3, 145, 103, 311
521380.901, -2, 146, 104, 312
521380.901, -1, 144, 104, 312
521380.901, 0, 143, 103, 313
521381.221, -3, 144, 102, 312
521381.221, -2, 142, 105, 310
521381.221, -1, 143, 104, 313
521381.221, 0, 143, 105, 312
521381.541, -3, 142, 101, 312
521381.541, -2, 145, 105, 313
521381.541, -1, 143, 101, 312
521381.541, 0, 143, 104, 311
521381.861, -3, 146, 101, 313
521381.861, -2, 147, 97, 314
521381.861, -1, 148, 101, 314
521381.861, 0, 148, 101, 312
521382.181, -3, 147, 99, 314
521382.181, -2, 151, 98, 315
521382.181, -1, 151, 95, 311
521382.181, 0, 153, 94, 313
521382.501, -3, 154, 97, 315
521382.501, -2, 154, 94, 314
521382.501, -1, 156, 96, 312
521382.501, 0, 156, 91, 314
521382.821, -3, 156, 93, 315
521382.821, -2, 157, 93, 314
521382.821, -1, 155, 91, 314
521382.821, 0, 152, 91, 316
521383.141, -3, 153, 90, 316
521383.141, -2, 151, 90, 316
521383.141, -1, 151, 92, 318
521383.141, 0, 149, 90, 318
521383.461, -3, 148, 90, 319
521383.461, -2, 148, 85, 321
521383.461, -1, 147, 88, 320
521383.461, 0, 146, 92, 321
521383.781, -3, 147, 90, 322
521383.781, -2, 142, 90, 324
521383.781, -1, 144, 87, 321
521383.781, 0, 146, 88, 323
521384.101, -3, 143, 87, 324
521384.101, -2, 145, 86, 325
521384.101, -1, 148, 84, 324
521384.101, 0, 148, 86, 322
521384.421, -3, 149, 83, 322
521384.421, -2, 151, 82, 322
521384.421, -1, 152, 82, 321
521384.421, 0, 151, 82, 322
521384.741, -3, 151, 85, 322
521384.741, -2, 155, 83, 320
521384.741, -1, 153, 86, 320
521384.741, 0, 154, 86, 320
521385.061, -3, 156, 86, 318
521385.061, -2, 157, 84, 321
521385.061, -1, 157, 84, 319
521385.061, 0, 158, 86, 317
521385.381, -3, 158, 89, 316
521385.381, -2, 156, 88, 315
521385.381, -1, 156, 90, 314
521385.381, 0, 155, 88, 313
521385.701, -3, 155, 89, 317
521385.701, -2, 156, 90, 314
521385.701, -1, 156, 92, 314
521385.701, 0, 156, 93, 314
521386.021, -3, 156, 92, 312
521386.021, -2, 156, 94, 313
521386.021, -1, 158, 91, 315
521386.021, 0, 158, 92, 313
521386.341, -3, 156, 93, 311
521386.341, -2, 158, 96, 309
521386.341, -1, 159, 97, 311
521386.341, 0, 158, 93, 312
521386.661, -3, 157, 95, 310
521386.661, -2, 158, 93, 314
521386.661, -1, 155, 95, 311
521386.661, 0, 155, 97, 312
521386.981, -3, 157, 98, 310
521386.981, -2, 157, 99, 311
521386.981, -1, 157, 98, 310
521386.981, 0, 156, 98, 309
521387.301, -3, 158, 97, 306
521387.301, -2, 159, 97, 310
521387.301, -1, 158, 100, 306
521387.301, 0, 161, 100, 306
521387.621, -3, 162, 101, 305
521387.621, -2, 160, 101, 303
521387.621, -1, 162, 101, 304
521387.621, 0, 162, 100, 305
521387.941, -3, 163, 99, 304
521387.941, -2, 164, 102, 304
521387.941, -1, 166, 100, 302
521387.941, 0, 166, 102, 300
521388.261, -3, 165, 100, 300
521388.261, -2, 169, 101, 301
521388.261, -1, 170, 98, 299
521388.261, 0, 169, 97, 302
521388.581, -3, 171, 98, 300
521388.581, -2, 171, 98, 301
521388.581, -1, 173, 95, 298
521388.581, 0, 174, 99, 299
521388.901, -3, 174, 98, 298
521388.901, -2, 174, 95, 298
521388.901, -1, 174, 98, 298
521388.901, 0, 177, 97, 295
521389.221, -3, 177, 97, 295
521389.221, -2, 173, 99, 298
521389.221, -1, 178, 97, 299
521389.221, 0, 176, 93, 300
521389.541, -3, 175, 94, 298
521389.541, -2, 177, 96, 297
521389.541, -1, 174, 97, 297
521389.541, 0, 175, 96, 299
521389.861, -3, 175, 97, 297
521389.861, -2, 177, 95, 299
521389.861, -1, 177, 96, 298
521389.861, 0, 175, 96, 299
521390.181, -3, 176, 96, 298
521390.181, -2, 177, 97, 297
521390.181, -1, 177, 96, 297
521390.181, 0, 178, 96, 297
521390.501, -3, 177, 95, 299
521390.501, -2, 181, 92, 297
521390.501, -1, 178, 96, 297
521390.501, 0, 182, 95, 295
521390.821, -3, 182, 94, 294
521390.821, -2, 183, 94, 297
521390.821, -1, 181, 94, 297
521390.821, 0, 181, 92, 296
521391.141, -3, 183, 93, 295
521391.141, -2, 181, 93, 293
521391.141, -1, 180, 94, 295
521391.141, 0, 181, 94, 297
521391.461, -3, 180, 92, 297
521391.461, -2, 180, 94, 296
521391.461, -1, 179, 91, 296
521391.461, 0, 180, 93, 297
521391.781, -3, 182, 95, 298
521391.781, -2, 177, 95, 296
521391.781, -1, 179, 94, 297
521391.781, 0, 178, 93, 296
521392.101, -3, 178, 96, 299
521392.101, -2, 177, 94, 299
521392.101, -1, 174, 97, 298
521392.101, 0, 177, 96, 296
521392.421, -3, 176, 95, 298
521392.421, -2, 175, 97, 298
521392.421, -1, 175, 97, 298
521392.421, 0, 177, 98, 298
521392.741, -3, 175, 97, 299
521392.741, -2, 172, 98, 296
521392.741, -1, 175, 99, 296
521392.741, 0, 174, 101, 298
521393.061, -3, 173, 98, 296
521393.061, -2, 173, 97, 298
521393.061, -1, 173, 98, 299
521393.061, 0, 173, 96, 298
521393.381, -3, 173, 96, 297
521393.381, -2, 176, 98, 295
521393.381, -1, 175, 96, 298
521393.381, 0, 176, 97, 297
521393.701, -3, 174, 97, 299
521393.701, -2, 176, 96, 299
521393.701, -1, 173, 95, 300
521393.701, 0, 173, 99, 299
521394.021, -3, 170, 99, 298
521394.021, -2, 171, 99, 301
521394.021, -1, 168, 96, 303
521394.021, 0, 167, 98, 303
521394.341, -3, 165, 98, 304
521394.341, -2, 165, 100, 303
521394.341, -1, 162, 101, 302
521394.341, 0, 162, 102, 305
521394.661, -3, 159, 103, 306
521394.661, -2, 157, 101, 305
521394.661, -1, 159, 103, 307
521394.661, 0, 159, 102, 305
521394.981, -3, 159, 104, 304
521394.981, -2, 159, 101, 306
521394.981, -1, 160, 100, 307
521394.981, 0, 161, 98, 307
521395.301, -3, 161, 96, 306
521395.301, -2, 163, 99, 306
521395.301, -1, 162, 94, 306
521395.301, 0, 165, 95, 305
521395.621, -3, 166, 94, 307
521395.621, -2, 166, 94, 308
521395.621, -1, 165, 91, 310
521395.621, 0, 163, 93, 310
521395.941, -3, 163, 90, 308
521395.941, -2, 160, 94, 309
521395.941, -1, 157, 96, 310
521395.941, 0, 152, 98, 310
521396.261, -3, 153, 102, 312
521396.261, -2, 152, 101, 310
521396.261, -1, 151, 101, 308
521396.261, 0, 150, 103, 310
521396.581, -3, 151, 103, 310
521396.581, -2, 149, 105, 308
521396.581, -1, 151, 101, 310
521396.581, 0, 148, 103, 310
521396.901, -3, 152, 104, 309
521396.901, -2, 153, 101, 307
521396.901, -1, 156, 99, 308
521396.901, 0, 158, 97, 310
521397.221, -3, 160, 95, 308
521397.221, -2, 161, 95, 309
521397.221, -1, 161, 92, 312
521397.221, 0, 161, 94, 310
521397.541, -3, 165, 92, 308
521397.541, -2, 164, 90, 309
521397.541, -1, 159, 88, 308
521397.541, 0, 164, 91, 311
521397.861, -3, 159, 92, 312
521397.861, -2, 158, 93, 314
521397.861, -1, 158, 95, 313
521397.861, 0, 156, 95, 312
521398.181, -3, 154, 95, 313
521398.181, -2, 155, 99, 313
521398.181, -1, 155, 96, 315
521398.181, 0, 154, 97, 312
521398.501, -3, 151, 98, 312
521398.501, -2, 152, 99, 312
521398.501, -1, 152, 97, 312
521398.501, 0, 154, 100, 310
521398.821, -3, 157, 96, 312
521398.821, -2, 157, 97, 311
521398.821, -1, 157, 96, 311
521398.821, 0, 159, 99, 309
521399.141, -3, 164, 97, 306
521399.141, -2, 164, 96, 304
521399.141, -1, 168, 98, 306
521399.141, 0, 171, 94, 301
521399.461, -3, 171, 95, 305
521399.461, -2, 172, 94, 303
521399.461, -1, 172, 94, 301
521399.461, 0, 172, 97, 301
521399.781, -3, 174, 94, 300
521399.781, -2, 174, 94, 301
521399.781, -1, 175, 96, 299
521399.781, 0, 173, 96, 297
521400.101, -3, 174, 100, 298
521400.101, -2, 176, 98, 297
521400.101, -1, 176, 99, 297
521400.101, 0, 177, 97, 296
521400.421, -3, 176, 99, 297
521400.421, -2, 174, 96, 299
521400.421, -1, 173, 96, 298
521400.421, 0, 172, 100, 296
521400.741, -3, 171, 100, 297
521400.741, -2, 173, 99, 298
521400.741, -1, 170, 101, 298
521400.741, 0, 170, 97, 298
521401.061, -3, 168, 101, 300
521401.061, -2, 169, 101, 299
521401.061, -1, 168, 104, 299
521401.061, 0, 168, 101, 298
521401.381, -3, 170, 101, 298
521401.381, -2, 169, 99, 299
521401.381, -1, 169, 98, 301
521401.381, 0, 167, 99, 300
521401.701, -3, 166, 102, 297
521401.701, -2, 165, 104, 300
521401.701, -1, 165, 102, 300
521401.701, 0, 168, 100, 300
521402.021, -3, 165, 99, 304
521402.021, -2, 166, 101, 304
521402.021, -1, 166, 100, 302
521402.021, 0, 165, 101, 301
521402.341, -3, 165, 103, 300
521402.341, -2, 167, 99, 300
521402.341, -1, 167, 101, 301
521402.341, 0, 165, 99, 303
521402.661, -3, 165, 101, 302
521402.661, -2, 165, 101, 301
521402.661, -1, 167, 101, 302
521402.661, 0, 163, 103, 305
521402.981, -3, 163, 100, 302
521402.981, -2, 161, 103, 302
521402.981, -1, 161, 101, 305
521402.981, 0, 162, 102, 302
521403.301, -3, 158, 102, 304
521403.301, -2, 157, 103, 303
521403.301, -1, 157, 105, 305
521403.301, 0, 157, 101, 308
521403.621, -3, 156, 101, 308
521403.621, -2, 154, 103, 309
521403.621, -1, 157, 103, 306
521403.621, 0, 153, 102, 308
521403.941, -3, 155, 103, 310
521403.941, -2, 156, 100, 309
521403.941, -1, 155, 100, 310
521403.941, 0, 155, 98, 313
521404.261, -3, 153, 100, 308
521404.261, -2, 155, 98, 310
521404.261, -1, 158, 98, 308
521404.261, 0, 159, 100, 308
521404.581, -3, 158, 97, 311
521404.581, -2, 157, 93, 312
521404.581, -1, 159, 94, 310
521404.581, 0, 158, 95, 308
521404.901, -3, 159, 96, 308
521404.901, -2, 160, 96, 309
521404.901, -1, 160, 99, 310
521404.901, 0, 159, 96, 309
521405.221, -3, 158, 97, 311
521405.221, -2, 155, 97, 310
521405.221, -1, 157, 99, 308
521405.221, 0, 156, 99, 310
521405.541, -3, 156, 100, 308
521405.541, -2, 158, 100, 308
521405.541, -1, 156, 102, 308
521405.541, 0, 155, 102, 309
521405.861, -3, 153, 102, 306
521405.861, -2, 152, 104, 306
521405.861, -1, 153, 106, 308
521405.861, 0, 151, 105, 307
521406.181, -3, 149, 105, 308
521406.181, -2, 151, 104, 310
521406.181, -1, 150, 104, 309
521406.181, 0, 149, 104, 307
521406.501, -3, 149, 105, 306
521406.501, -2, 149, 105, 307
521406.501, -1, 151, 107, 309
521406.501, 0, 150, 105, 312
521406.821, -3, 149, 104, 310
521406.821, -2, 146, 105, 309
521406.821, -1, 147, 106, 309
521406.821, 0, 145, 107, 309
521407.141, -3, 147, 106, 310
521407.141, -2, 146, 104, 310
521407.141, -1, 148, 105, 312
521407.141, 0, 149, 102, 311
521407.461, -3, 148, 104, 310
521407.461, -2, 152, 105, 309
521407.461, -1, 151, 105, 307
521407.461, 0, 149, 105, 307
521407.781, -3, 151, 105, 308
521407.781, -2, 151, 104, 309
521407.781, -1, 152, 105, 308
521407.781, 0, 152, 106, 308
521408.101, -3, 149, 106, 308
521408.101, -2, 149, 105, 309
521408.101, -1, 150, 106, 308
521408.101, 0, 150, 104, 306
521408.421, -3, 150, 107, 309
521408.421, -2, 147, 107, 307
521408.421, -1, 148, 110, 309
521408.421, 0, 146, 109, 306
521408.741, -3, 148, 110, 309
521408.741, -2, 147, 106, 308
521408.741, -1, 144, 109, 309
521408.741, 0, 145, 109, 309
521409.061, -3, 143, 111, 309
521409.061, -2, 143, 110, 307
521409.061, -1, 144, 111, 308
521409.061, 0, 144, 110, 309
521409.381, -3, 149, 107, 308
521409.381, -2, 146, 108, 308
521409.381, -1, 148, 109, 310
521409.381, 0, 148, 111, 306
521409.701, -3, 149, 109, 305
521409.701, -2, 151, 107, 305
521409.701, -1, 153, 107, 307
521409.701, 0, 149, 103, 308
521410.021, -3, 151, 106, 308
521410.021, -2, 149, 106, 305
521410.021, -1, 153, 105, 305
521410.021, 0, 152, 109, 306
521410.341, -3, 155, 108, 304
521410.341, -2, 155, 105, 305
521410.341, -1, 156, 105, 304
521410.341, 0, 155, 105, 304
521410.661, -3, 156, 106, 304
521410.661, -2, 156, 108, 305
521410.661, -1, 155, 106, 304
521410.661, 0, 157, 107, 303
521410.981, -3, 157, 106, 302
521410.981, -2, 155, 106, 304
521410.981, -1, 155, 107, 304
521410.981, 0, 159, 109, 301
521411.301, -3, 157, 109, 302
521411.301, -2, 157, 106, 302
521411.301, -1, 159, 108, 302
521411.301, 0, 158, 108, 303
521411.621, -3, 156, 107, 303
521411.621, -2, 155, 109, 304
521411.621, -1, 157, 108, 301
521411.621, 0, 155, 108, 302
521411.941, -3, 155, 109, 303
521411.941, -2, 155, 110, 302
521411.941, -1, 155, 108, 305
521411.941, 0, 154, 109, 306
521412.261, -3, 154, 107, 305
521412.261, -2, 153, 110, 302
521412.261, -1, 153, 111, 300
521412.261, 0, 150, 113, 303
521412.581, -3, 152, 111, 304
521412.581, -2, 147, 112, 303
521412.581, -1, 147, 109, 305
521412.581, 0, 148, 112, 304
521412.901, -3, 146, 114, 306
521412.901, -2, 147, 112, 305
521412.901, -1, 146, 114, 306
521412.901, 0, 144, 109, 307
521413.221, -3, 143, 113, 306
521413.221, -2, 140, 112, 307
521413.221, -1, 142, 111, 307
521413.221, 0, 141, 113, 305
521413.541, -3, 144, 112, 306
521413.541, -2, 142, 112, 305
521413.541, -1, 143, 110, 307
521413.541, 0, 144, 111, 309
521413.861, -3, 142, 111, 311
521413.861, -2, 145, 109, 307
521413.861, -1, 146, 108, 308
521413.861, 0, 146, 108, 309
521414.181, -3, 150, 109, 307
521414.181, -2, 150, 106, 307
521414.181, -1, 151, 104, 308
521414.181, 0, 153, 104, 308
521414.501, -3, 154, 107, 306
521414.501, -2, 155, 107, 304
521414.501, -1, 154, 104, 306
521414.501, 0, 152, 105, 307
521414.821, -3, 152, 106, 305
521414.821, -2, 151, 107, 306
521414.821, -1, 153, 106, 306
521414.821, 0, 153, 105, 305
521415.141, -3, 153, 107, 304
521415.141, -2, 151, 107, 307
521415.141, -1, 150, 108, 306
521415.141, 0, 148, 108, 306
521415.461, -3, 150, 105, 307
521415.461, -2, 151, 107, 306
521415.461, -1, 150, 105, 308
521415.461, 0, 150, 105, 308
521415.781, -3, 150, 105, 307
521415.781, -2, 149, 106, 308
521415.781, -1, 149, 105, 307
521415.781, 0, 149, 106, 308
521416.101, -3, 150, 108, 307
521416.101, -2, 150, 107, 306
521416.101, -1, 151, 104, 307
521416.101, 0, 151, 104, 308
521416.421, -3, 151, 104, 310
521416.421, -2, 150, 102, 310
521416.421, -1, 151, 104, 306
521416.421, 0, 151, 106, 307
521416.741, -3, 152, 104, 307
521416.741, -2, 152, 106, 306
521416.741, -1, 151, 105, 306
521416.741, 0, 149, 106, 307
521417.061, -3, 147, 108, 308
521417.061, -2, 152, 107, 306
521417.061, -1, 149, 109, 306
521417.061, 0, 146, 107, 307
521417.381, -3, 146, 110, 308
521417.381, -2, 143, 106, 310
521417.381, -1, 144, 108, 310
521417.381, 0, 144, 109, 310
521417.701, -3, 144, 110, 309
521417.701, -2, 144, 111, 309
521417.701, -1, 141, 110, 310
521417.701, 0, 143, 110, 307
521418.021, -3, 142, 109, 310
521418.021, -2, 140, 109, 311
521418.021, -1, 141, 109, 309
521418.021, 0, 140, 110, 309
521418.341, -3, 143, 110, 309
521418.341, -2, 141, 111, 309
521418.341, -1, 139, 111, 307
521418.341, 0, 142, 108, 309
521418.661, -3, 143, 111, 309
521418.661, -2, 143, 111, 310
521418.661, -1, 144, 111, 305
521418.661, 0, 144, 111, 307
521418.981, -3, 147, 111, 306
521418.981, -2, 146, 110, 308
521418.981, -1, 147, 106, 308
521418.981, 0, 146, 108, 309
521419.301, -3, 145, 110, 307
521419.301, -2, 143, 110, 306
521419.301, -1, 146, 108, 309
521419.301, 0, 145, 109, 308
521419.621, -3, 145, 109, 307
521419.621, -2, 144, 107, 309
521419.621, -1, 146, 110, 309
521419.621, 0, 145, 111, 308
521419.941, -3, 144, 112, 307
521419.941, -2, 145, 111, 309
521419.941, -1, 144, 114, 309
521419.941, 0, 143, 108, 308
521420.261, -3, 143, 111, 308
521420.261, -2, 142, 112, 309
521420.261, -1, 140, 113, 309
521420.261, 0, 140, 114, 307
521420.581, -3, 138, 112, 308
521420.581, -2, 137, 113, 310
521420.581, -1, 137, 114, 309
521420.581, 0, 139, 112, 312
521420.901, -3, 136, 114, 310
521420.901, -2, 135, 115, 308
521420.901, -1, 136, 114, 309
521420.901, 0, 134, 115, 309
521421.221, -3, 135, 115, 308
521421.221, -2, 133, 113, 309
521421.221, -1, 135, 113, 311
521421.221, 0, 134, 112, 311
521421.541, -3, 135, 114, 310
521421.541, -2, 135, 117, 308
521421.541, -1, 135, 116, 312
521421.541, 0, 132, 114, 309
521421.861, -3, 132, 114, 312
521421.861, -2, 132, 115, 310
521421.861, -1, 131, 114, 311
521421.861, 0, 129, 116, 313
521422.181, -3, 129, 117, 313
521422.181, -2, 129, 115, 314
521422.181, -1, 126, 118, 312
521422.181, 0, 127, 114, 312
521422.501, -3, 129, 116, 312
521422.501, -2, 128, 116, 311
521422.501, -1, 131, 117, 312
521422.501, 0, 129, 117, 312
521422.821, -3, 130, 116, 310
521422.821, -2, 130, 116, 311
521422.821, -1, 128, 114, 310
521422.821, 0, 130, 115, 312
521423.141, -3, 132, 117, 315
521423.141, -2, 130, 115, 309
521423.141, -1, 131, 116, 312
521423.141, 0, 132, 115, 311
521423.461, -3, 130, 117, 309
521423.461, -2, 131, 116, 309
521423.461, -1, 133, 114, 310
521423.461, 0, 128, 116, 311
521423.781, -3, 130, 117, 312
521423.781, -2, 128, 118, 311
521423.781, -1, 129, 118, 311
521423.781, 0, 131, 117, 309
521424.101, -3, 129, 118, 311
521424.101, -2, 129, 114, 311
521424.101, -1, 129, 117, 311
521424.101, 0, 131, 118, 310
521424.421, -3, 132, 116, 309
521424.421, -2, 133, 117, 310
521424.421, -1, 131, 120, 307
521424.421, 0, 135, 118, 308
521424.741, -3, 134, 117, 310
521424.741, -2, 135, 116, 309
521424.741, -1, 136, 117, 309
521424.741, 0, 136, 114, 310
521425.061, -3, 135, 116, 310
521425.061, -2, 136, 117, 306
521425.061, -1, 137, 116, 307
521425.061, 0, 135, 117, 307
521425.381, -3, 138, 116, 307
521425.381, -2, 136, 118, 306
521425.381, -1, 135, 119, 306
521425.381, 0, 138, 116, 310
521425.701, -3, 139, 119, 307
521425.701, -2, 135, 115, 307
521425.701, -1, 137, 117, 305
521425.701, 0, 138, 116, 306
521426.021, -3, 137, 118, 306
521426.021, -2, 138, 118, 305
521426.021, -1, 138, 117, 307
521426.021, 0, 135, 119, 305
521426.341, -3, 137, 118, 305
521426.341, -2, 136, 119, 306
521426.341, -1, 135, 119, 305
521426.341, 0, 134, 119, 305
521426.661, -3, 133, 122, 304
521426.661, -2, 135, 121, 305
521426.661, -1, 135, 119, 304
521426.661, 0, 134, 122, 304
521426.981, -3, 133, 122, 303
521426.981, -2, 136, 122, 305
521426.981, -1, 134, 124, 304
521426.981, 0, 134, 122, 302
521427.301, -3, 136, 122, 302
521427.301, -2, 135, 122, 303
521427.301, -1, 134, 122, 304
521427.301, 0, 136, 121, 302
521427.621, -3, 137, 122, 302
521427.621, -2, 135, 122, 303
521427.621, -1, 133, 122, 304
521427.621, 0, 132, 123, 306
521427.941, -3, 132, 123, 305
521427.941, -2, 134, 122, 305
521427.941, -1, 132, 122, 306
521427.941, 0, 131, 122, 307
521428.261, -3, 129, 124, 305
521428.261, -2, 129, 123, 306
521428.261, -1, 127, 121, 305
521428.261, 0, 127, 124, 307
521428.581, -3, 127, 123, 307
521428.581, -2, 125, 125, 309
521428.581, -1, 125, 124, 307
521428.581, 0, 125, 125, 307
521428.901, -3, 124, 124, 308
521428.901, -2, 125, 124, 309
521428.901, -1, 126, 122, 308
521428.901, 0, 125, 124, 308
521429.221, -3, 125, 121, 307
521429.221, -2, 125, 121, 308
521429.221, -1, 126, 121, 307
521429.221, 0, 122, 125, 307
521429.541, -3, 126, 125, 309
521429.541, -2, 124, 123, 309
521429.541, -1, 123, 120, 310
521429.541, 0, 126, 120, 309
521429.861, -3, 125, 119, 311
521429.861, -2, 128, 117, 312
521429.861, -1, 127, 121, 311
521429.861, 0, 126, 120, 310
521430.181, -3, 128, 118, 310
521430.181, -2, 128, 120, 311
521430.181, -1, 128, 120, 309
521430.181, 0, 126, 122, 309
521430.501, -3, 126, 118, 307
521430.501, -2, 129, 121, 307
521430.501, -1, 126, 120, 308
521430.501, 0, 129, 119, 308
521430.821, -3, 128, 120, 310
521430.821, -2, 129, 120, 308
521430.821, -1, 128, 117, 311
521430.821, 0, 128, 120, 309
521431.141, -3, 128, 122, 308
521431.141, -2, 127, 119, 307
521431.141, -1, 128, 121, 309
521431.141, 0, 129, 120, 308
521431.461, -3, 127, 119, 309
521431.461, -2, 127, 120, 309
521431.461, -1, 125, 118, 310
521431.461, 0, 126, 121, 311
521431.781, -3, 124, 121, 310
521431.781, -2, 123, 122, 311
521431.781, -1, 122, 121, 313
521431.781, 0, 121, 120, 310
521432.101, -3, 117, 124, 313
521432.101, -2, 117, 120, 314
521432.101, -1, 116, 123, 312
521432.101, 0, 117, 122, 313
521432.421, -3, 116, 122, 314
521432.421, -2, 114, 118, 315
521432.421, -1, 113, 122, 313
521432.421, 0, 113, 122, 314
521432.741, -3, 112, 121, 315
521432.741, -2, 112, 122, 315
521432.741, -1, 110, 123, 315
521432.741, 0, 109, 123, 315
521433.061, -3, 109, 122, 315
521433.061, -2, 109, 124, 315
521433.061, -1, 107, 123, 316
521433.061, 0, 105, 121, 318
521433.381, -3, 105, 121, 316
521433.381, -2, 103, 124, 315
521433.381, -1, 102, 125, 315
521433.381, 0, 101, 126, 314
521433.701, -3, 102, 127, 315
521433.701, -2, 103, 125, 315
521433.701, -1, 101, 126, 316
521433.701, 0, 102, 128, 313
521434.021, -3, 103, 128, 313
521434.021, -2, 101, 127, 314
521434.021, -1, 103, 130, 314
521434.021, 0, 105, 132, 312
521434.341, -3, 108, 128, 310
521434.341, -2, 107, 130, 310
521434.341, -1, 105, 132, 309
521434.341, 0, 107, 130, 309
521434.661, -3, 104, 131, 307
521434.661, -2, 108, 132, 309
521434.661, -1, 107, 131, 308
521434.661, 0, 106, 133, 308
521434.981, -3, 104, 132, 307
521434.981, -2, 103, 135, 309
521434.981, -1, 102, 135, 309
521434.981, 0, 99, 137, 308
521435.301, -3, 96, 133, 309
521435.301, -2, 97, 134, 310
521435.301, -1, 92, 135, 310
521435.301, 0, 92, 136, 311
521435.621, -3, 88, 135, 311
521435.621, -2, 85, 138, 313
521435.621, -1, 82, 136, 315
521435.621, 0, 83, 137, 312
521435.941, -3, 81, 136, 315
521435.941, -2, 80, 135, 314
521435.941, -1, 77, 136, 315
521435.941, 0, 77, 135, 315
521436.261, -3, 75, 137, 317
521436.261, -2, 73, 136, 317
521436.261, -1, 73, 135, 317
521436.261, 0, 72, 132, 318
521436.581, -3, 72, 132, 319
521436.581, -2, 72, 134, 319
521436.581, -1, 69, 131, 320
521436.581, 0, 70, 130, 320
521436.901, -3, 66, 130, 321
521436.901, -2, 64, 129, 322
521436.901, -1, 60, 130, 325
521436.901, 0, 58, 130, 324
521437.221, -3, 54, 129, 325
521437.221, -2, 52, 131, 327
521437.221, -1, 43, 129, 325
521437.221, 0, 41, 130, 327
521437.541, -3, 36, 129, 326
521437.541, -2, 34, 129, 328
521437.541, -1, 28, 128, 328
521437.541, 0, 27, 129, 331
521437.861, -3, 20, 125, 332
521437.861, -2, 19, 126, 333
521437.861, -1, 17, 123, 330
521437.861, 0, 12, 125, 334
521438.181, -3, 8, 123, 333
521438.181, -2, 4, 125, 332
521438.181, -1, 2, 124, 332
521438.181, 0, 2, 123, 329
521438.501, -3, 0, 122, 331
521438.501, -2, -4, 124, 332
521438.501, -1, -4, 123, 330
521438.501, 0, -8, 122, 330
521438.821, -3, -9, 123, 330
521438.821, -2, -13, 124, 331
521438.821, -1, -12, 125, 329
521438.821, 0, -13, 126, 329
521439.141, -3, -15, 124, 328
521439.141, -2, -16, 125, 327
521439.141, -1, -18, 124, 332
521439.141, 0, -19, 124, 330
521439.461, -3, -21, 124, 329
521439.461, -2, -21, 121, 331
521439.461, -1, -25, 120, 332
521439.461, 0, -28, 121, 332
521439.781, -3, -31, 122, 331
521439.781, -2, -33, 114, 334
521439.781, -1, -35, 114, 332
521439.781, 0, -38, 113, 333
521440.101, -3, -43, 112, 333
521440.101, -2, -44, 112, 332
521440.101, -1, -47, 111, 333
521440.101, 0, -47, 106, 334
521440.421, -3, -52, 109, 333
521440.421, -2, -55, 107, 334
521440.421, -1, -56, 106, 333
521440.421, 0, -59, 106, 333
521440.741, -3, -58, 101, 335
521440.741, -2, -60, 100, 335
521440.741, -1, -62, 100, 333
521440.741, 0, -63, 101, 335
521441.061, -3, -65, 100, 336
521441.061, -2, -64, 98, 334
521441.061, -1, -68, 100, 333
521441.061, 0, -70, 101, 331
521441.381, -3, -73, 97, 331
521441.381, -2, -74, 98, 331
521441.381, -1, -78, 100, 331
521441.381, 0, -76, 102, 327
521441.701, -3, -81, 102, 327
521441.701, -2, -82, 100, 328
521441.701, -1, -86, 102, 326
521441.701, 0, -87, 101, 326
521442.02, -3, -89, 98, 324
521442.02, -2, -92, 98, 325
521442.02, -1, -93, 97, 324
521442.02, 0, -95, 99, 321
521442.34, -3, -99, 95, 323
521442.34, -2, -101, 97, 320
521442.34, -1, -103, 93, 323
521442.34, 0, -105, 91, 322
521442.66, -3, -106, 92, 324
521442.66, -2, -106, 84, 323
521442.66, -1, -108, 85, 324
521442.66, 0, -109, 86, 323
521442.98, -3, -111, 84, 322
521442.98, -2, -111, 81, 322
521442.98, -1, -113, 80, 324
521442.98, 0, -116, 76, 324
521443.3, -3, -120, 74, 325
521443.3, -2, -119, 71, 322
521443.3, -1, -121, 71, 324
521443.3, 0, -123, 69, 322
521443.62, -3, -126, 66, 321
521443.62, -2, -129, 65, 323
521443.62, -1, -129, 60, 321
521443.62, 0, -131, 58, 322
521443.94, -3, -132, 55, 322
521443.94, -2, -133, 54, 322
521443.94, -1, -134, 50, 322
521443.94, 0, -135, 48, 323
521444.26, -3, -137, 47, 321
521444.26, -2, -137, 42, 322
521444.26, -1, -139, 39, 322
521444.26, 0, -140, 37, 321
521444.58, -3, -141, 34, 320
521444.58, -2, -144, 32, 322
521444.58, -1, -144, 27, 321
521444.58, 0, -147, 23, 319
521444.9, -3, -149, 23, 318
521444.9, -2, -150, 18, 318
521444.9, -1, -150, 14, 317
521444.9, 0, -151, 11, 317
521445.22, -3, -153, 8, 314
521445.22, -2, -156, 4, 318
521445.22, -1, -156, 1, 317
521445.22, 0, -157, -1, 315
521445.54, -3, -157, -6, 315
521445.54, -2, -160, -10, 315
521445.54, -1, -160, -13, 314
521445.54, 0, -160, -18, 315
521445.86, -3, -162, -20, 314
521445.86, -2, -160, -27, 312
521445.86, -1, -161, -30, 311
521445.86, 0, -162, -32, 312
521446.18, -3, -163, -37, 310
521446.18, -2, -162, -42, 310
521446.18, -1, -163, -47, 309
521446.18, 0, -163, -49, 307
521446.5, -3, -161, -53, 308
521446.5, -2, -163, -57, 307
521446.5, -1, -163, -59, 307
521446.5, 0, -162, -61, 306
521446.82, -3, -161, -62, 305
521446.82, -2, -162, -67, 306
521446.82, -1, -162, -68, 305
521446.82, 0, -160, -76, 304
521447.14, -3, -160, -77, 306
521447.14, -2, -159, -78, 303
521447.14, -1, -160, -81, 304
521447.14, 0, -158, -85, 302
521447.46, -3, -159, -88, 300
521447.46, -2, -159, -93, 301
521447.46, -1, -156, -99, 298
521447.46, 0, -157, -98, 299
521447.78, -3, -155, -102, 301
521447.78, -2, -155, -107, 298
521447.78, -1, -153, -110, 298
521447.78, 0, -153, -110, 296
521448.1, -3, -151, -114, 298
521448.1, -2, -148, -122, 296
521448.1, -1, -147, -124, 297
521448.1, 0, -141, -127, 296
521448.42, -3, -139, -131, 295
521448.42, -2, -138, -134, 298
521448.42, -1, -135, -134, 295
521448.42, 0, -135, -139, 294
521448.74, -3, -132, -142, 296
521448.74, -2, -129, -150, 295
521448.74, -1, -128, -150, 293
521448.74, 0, -124, -154, 292
521449.06, -3, -126, -155, 297
521449.06, -2, -120, -159, 294
521449.06, -1, -116, -163, 292
521449.06, 0, -116, -164, 293
521449.38, -3, -113, -169, 291
521449.38, -2, -112, -170, 293
521449.38, -1, -110, -175, 291
521449.38, 0, -109, -174, 291
521449.7, -3, -107, -178, 290
521449.7, -2, -106, -179, 289
521449.7, -1, -105, -182, 288
521449.7, 0, -103, -185, 290
521450.02, -3, -102, -188, 285
521450.02, -2, -99, -189, 285
521450.02, -1, -99, -191, 285
521450.02, 0, -95, -193, 287
521450.34, -3, -93, -193, 285
521450.34, -2, -94, -194, 284
521450.34, -1, -92, -196, 284
521450.34, 0, -87, -200, 286
521450.66, -3, -88, -201, 286
521450.66, -2, -85, -200, 283
521450.66, -1, -81, -199, 285
521450.66, 0, -81, -204, 285
521450.98, -3, -78, -204, 287
521450.98, -2, -77, -206, 287
521450.98, -1, -75, -208, 283
521450.98, 0, -71, -208, 286
521451.3, -3, -70, -210, 285
521451.3, -2, -65, -210, 288
521451.3, -1, -65, -215, 286
521451.3, 0, -60, -216, 287
521451.62, -3, -60, -217, 286
521451.62, -2, -54, -218, 284
521451.62, -1, -50, -222, 286
521451.62, 0, -46, -223, 284
521451.94, -3, -46, -224, 285
521451.94, -2, -43, -223, 285
521451.94, -1, -38, -226, 285
521451.94, 0, -33, -228, 287
521452.26, -3, -32, -228, 286
521452.26, -2, -28, -230, 285
521452.26, -1, -26, -233, 284
521452.26, 0, -23, -232, 285
521452.58, -3, -17, -234, 284
521452.58, -2, -17, -235, 287
521452.58, -1, -15, -234, 285
521452.58, 0, -10, -234, 286
521452.9, -3, -9, -235, 289
521452.9, -2, -8, -239, 282
521452.9, -1, -4, -239, 282
521452.9, 0, -3, -240, 287
521453.22, -3, -2, -238, 286
521453.22, -2, -1, -239, 288
521453.22, -1, 2, -239, 288
521453.22, 0, -1, -236, 288
521453.54, -3, 5, -238, 289
521453.54, -2, 7, -239, 288
521453.54, -1, 7, -237, 290
521453.54, 0, 7, -235, 291
521453.86, -3, 11, -238, 294
521453.86, -2, 13, -236, 296
521453.86, -1, 17, -235, 294
521453.86, 0, 16, -234, 297
521454.18, -3, 16, -237, 296
521454.18, -2, 24, -237, 293
521454.18, -1, 24, -237, 295
521454.18, 0, 26, -235, 296
521454.5, -3, 30, -233, 297
521454.5, -2, 32, -236, 295
521454.5, -1, 33, -235, 298
521454.5, 0, 39, -236, 299
521454.82, -3, 40, -236, 296
521454.82, -2, 41, -235, 298
521454.82, -1, 40, -234, 299
521454.82, 0, 40, -235, 299
521455.14, -3, 40, -232, 302
521455.14, -2, 37, -230, 301
521455.14, -1, 31, -228, 306
521455.14, 0, 33, -228, 306
521455.46, -3, 30, -225, 307
521455.46, -2, 25, -223, 308
521455.46, -1, 23, -221, 310
521455.46, 0, 20, -219, 314
521455.78, -3, 19, -218, 314
521455.78, -2, 16, -215, 315
521455.78, -1, 15, -214, 315
521455.78, 0, 14, -212, 318
521456.1, -3, 13, -210, 320
521456.1, -2, 12, -207, 322
521456.1, -1, 10, -206, 323
521456.1, 0, 11, -203, 325
521456.42, -3, 11, -205, 324
521456.42, -2, 7, -200, 327
521456.42, -1, 9, -198, 326
521456.42, 0, 9, -197, 331
521456.74, -3, 10, -196, 331
521456.74, -2, 9, -193, 332
521456.74, -1, 8, -190, 332
521456.74, 0, 12, -191, 332
521457.06, -3, 8, -192, 332
521457.06, -2, 10, -190, 334
521457.06, -1, 6, -189, 335
521457.06, 0, 7, -187, 336
521457.38, -3, 7, -184, 339
521457.38, -2, 7, -183, 339
521457.38, -1, 6, -182, 338
521457.38, 0, 5, -180, 340
521457.7, -3, 4, -179, 341
521457.7, -2, 5, -175, 340
521457.7, -1, 2, -178, 340
521457.7, 0, 3, -177, 342
521458.02, -3, 2, -173, 343
521458.02, -2, -1, -170, 345
521458.02, -1, 0, -171, 345
521458.02, 0, -1, -170, 345
521458.34, -3, -2, -171, 345
521458.34, -2, -4, -166, 345
521458.34, -1, -5, -164, 348
521458.34, 0, -5, -164, 349
521458.66, -3, -7, -163, 349
521458.66, -2, -10, -159, 351
521458.66, -1, -13, -158, 349
521458.66, 0, -17, -155, 350
521458.98, -3, -17, -152, 351
521458.98, -2, -23, -151, 349
521458.98, -1, -21, -150, 351
521458.98, 0, -24, -150, 350
521459.3, -3, -27, -149, 351
521459.3, -2, -26, -149, 351
521459.3, -1, -30, -147, 349
521459.3, 0, -34, -145, 353
521459.62, -3, -35, -145, 349
521459.62, -2, -38, -148, 351
521459.62, -1, -37, -144, 349
521459.62, 0, -38, -143, 349
521459.94, -3, -39, -145, 348
521459.94, -2, -41, -146, 347
521459.94, -1, -43, -148, 346
521459.94, 0, -43, -147, 345
521460.26, -3, -44, -152, 343
521460.26, -2, -43, -150, 343
521460.26, -1, -45, -150, 344
521460.26, 0, -47, -152, 345
521460.58, -3, -44, -149, 343
521460.58, -2, -45, -149, 344
521460.58, -1, -43, -152, 344
521460.58, 0, -44, -149, 340
521460.9, -3, -50, -149, 343
521460.9, -2, -51, -148, 340
521460.9, -1, -52, -149, 340
521460.9, 0, -56, -147, 340
521461.22, -3, -57, -146, 341
521461.22, -2, -61, -146, 339
521461.22, -1, -63, -147, 338
521461.22, 0, -66, -144, 337
521461.54, -3, -70, -144, 337
521461.54, -2, -68, -143, 339
521461.54, -1, -74, -139, 337
521461.54, 0, -75, -138, 337
521461.86, -3, -80, -137, 336
521461.86, -2, -80, -138, 334
521461.86, -1, -83, -137, 334
521461.86, 0, -86, -134, 333
521462.18, -3, -88, -133, 334
521462.18, -2, -88, -130, 333
521462.18, -1, -90, -134, 332
521462.18, 0, -90, -129, 332
521462.5, -3, -91, -128, 330
521462.5, -2, -91, -130, 331
521462.5, -1, -93, -128, 332
521462.5, 0, -93, -128, 331
521462.82, -3, -94, -128, 329
521462.82, -2, -95, -128, 332
521462.82, -1, -94, -125, 331
521462.82, 0, -95, -126, 331
521463.14, -3, -96, -128, 331
521463.14, -2, -94, -128, 330
521463.14, -1, -96, -128, 330
521463.14, 0, -96, -128, 329
521463.46, -3, -95, -129, 330
521463.46, -2, -97, -129, 331
521463.46, -1, -97, -130, 330
521463.46, 0, -97, -129, 329
521463.78, -3, -96, -128, 330
521463.78, -2, -99, -128, 332
521463.78, -1, -96, -131, 330
521463.78, 0, -97, -131, 328
521464.1, -3, -97, -130, 330
521464.1, -2, -98, -130, 329
521464.1, -1, -99, -131, 328
521464.1, 0, -100, -129, 327
521464.42, -3, -97, -131, 327
521464.42, -2, -97, -129, 329
521464.42, -1, -97, -129, 331
521464.42, 0, -95, -128, 329
521464.74, -3, -93, -131, 331
521464.74, -2, -92, -129, 332
521464.74, -1, -92, -130, 331
521464.74, 0, -88, -127, 333
521465.06, -3, -86, -126, 336
521465.06, -2, -86, -127, 336
521465.06, -1, -87, -127, 336
521465.06, 0, -84, -126, 339
521465.38, -3, -80, -128, 338
521465.38, -2, -81, -127, 340
521465.38, -1, -78, -127, 339
521465.38, 0, -77, -127, 342
521465.7, -3, -78, -130, 341
521465.7, -2, -75, -130, 343
521465.7, -1, -77, -129, 340
521465.7, 0, -78, -131, 339
521466.02, -3, -75, -133, 341
521466.02, -2, -74, -133, 340
521466.02, -1, -76, -132, 339
521466.02, 0, -75, -131, 339
521466.34, -3, -77, -136, 339
521466.34, -2, -74, -132, 339
521466.34, -1, -75, -136, 339
521466.34, 0, -74, -136, 340
521466.66, -3, -75, -134, 337
521466.66, -2, -76, -137, 339
521466.66, -1, -75, -134, 336
521466.66, 0, -78, -135, 339
521466.98, -3, -78, -134, 336
521466.98, -2, -80, -133, 336
521466.98, -1, -78, -134, 338
521466.98, 0, -80, -135, 335
521467.3, -3, -81, -134, 337
521467.3, -2, -79, -136, 336
521467.3, -1, -78, -135, 338
521467.3, 0, -77, -137, 337
521467.62, -3, -78, -134, 337
521467.62, -2, -78, -135, 336
521467.62, -1, -79, -137, 335
521467.62, 0, -80, -137, 337
521467.94, -3, -82, -136, 337
521467.94, -2, -81, -137, 334
521467.94, -1, -80, -138, 333
521467.94, 0, -84, -137, 336
521468.26, -3, -85, -138, 332
521468.26, -2, -84, -140, 330
521468.26, -1, -86, -141, 330
521468.26, 0, -90, -142, 329
521468.58, -3, -88, -140, 329
521468.58, -2, -89, -139, 331
521468.58, -1, -90, -137, 328
521468.58, 0, -92, -136, 327
521468.9, -3, -91, -139, 327
521468.9, -2, -94, -137, 327
521468.9, -1, -96, -136, 327
521468.9, 0, -94, -135, 329
521469.22, -3, -96, -132, 328
521469.22, -2, -98, -133, 329
521469.22, -1, -99, -132, 328
521469.22, 0, -102, -134, 325
521469.54, -3, -102, -133, 324
521469.54, -2, -103, -134, 324
521469.54, -1, -104, -132, 325
521469.54, 0, -103, -132, 324
521469.86, -3, -103, -130, 323
521469.86, -2, -105, -133, 323
521469.86, -1, -104, -134, 323
521469.86, 0, -106, -133, 322
521470.18, -3, -106, -134, 323
521470.18, -2, -106, -131, 326
521470.18, -1, -105, -133, 324
521470.18, 0, -106, -133, 324
521470.5, -3, -105, -132, 321
521470.5, -2, -103, -134, 319
521470.5, -1, -107, -137, 321
521470.5, 0, -104, -135, 323
521470.82, -3, -102, -131, 323
521470.82, -2, -102, -132, 323
521470.82, -1, -105, -133, 324
521470.82, 0, -105, -131, 323
521471.14, -3, -106, -134, 323
521471.14, -2, -104, -131, 324
521471.14, -1, -105, -131, 324
521471.14, 0, -103, -130, 324
521471.46, -3, -103, -131, 326
521471.46, -2, -106, -130, 326
521471.46, -1, -107, -130, 324
521471.46, 0, -103, -129, 326
521471.78, -3, -103, -128, 326
521471.78, -2, -104, -128, 328
521471.78, -1, -102, -130, 326
521471.78, 0, -102, -126, 327
521472.1, -3, -105, -125, 327
521472.1, -2, -103, -126, 328
521472.1, -1, -106, -124, 326
521472.1, 0, -107, -126, 328
521472.42, -3, -106, -128, 326
521472.42, -2, -109, -124, 325
521472.42, -1, -107, -124, 326
521472.42, 0, -109, -121, 326
521472.74, -3, -110, -121, 325
521472.74, -2, -109, -121, 324
521472.74, -1, -109, -122, 326
521472.74, 0, -114, -123, 324
521473.06, -3, -113, -120, 324
521473.06, -2, -109, -118, 324
521473.06, -1, -113, -116, 323
521473.06, 0, -115, -116, 325
521473.38, -3, -116, -117, 325
521473.38, -2, -114, -116, 325
521473.38, -1, -116, -116, 325
521473.38, 0, -113, -114, 326
521473.7, -3, -115, -113, 325
521473.7, -2, -114, -114, 326
521473.7, -1, -118, -114, 326
521473.7, 0, -117, -115, 326
521474.02, -3, -114, -115, 324
521474.02, -2, -115, -116, 327
521474.02, -1, -112, -116, 326
521474.02, 0, -113, -121, 326
521474.34, -3, -109, -121, 325
521474.34, -2, -107, -121, 324
521474.34, -1, -110, -125, 327
521474.34, 0, -108, -125, 323
521474.66, -3, -105, -127, 324
521474.66, -2, -105, -130, 325
521474.66, -1, -105, -130, 323
521474.66, 0, -103, -131, 326
521474.98, -3, -101, -132, 323
521474.98, -2, -104, -134, 323
521474.98, -1, -102, -136, 323
521474.98, 0, -103, -137, 321
521475.3, -3, -104, -137, 323
521475.3, -2, -101, -136, 322
521475.3, -1, -101, -135, 325
521475.3, 0, -101, -138, 324
521475.62, -3, -101, -135, 321
521475.62, -2, -103, -135, 322
521475.62, -1, -103, -135, 323
521475.62, 0, -102, -135, 323
521475.94, -3, -103, -136, 325
521475.94, -2, -102, -135, 324
521475.94, -1, -103, -134, 324
521475.94, 0, -104, -130, 324
521476.26, -3, -105, -135, 322
521476.26, -2, -103, -134, 322
521476.26, -1, -102, -136, 322
521476.26, 0, -104, -133, 323
521476.58, -3, -100, -134, 326
521476.58, -2, -103, -134, 324
521476.58, -1, -102, -135, 324
521476.58, 0, -101, -135, 323
521476.9, -3, -102, -135, 323
521476.9, -2, -102, -138, 323
521476.9, -1, -100, -139, 321
521476.9, 0, -98, -139, 323
521477.22, -3, -97, -143, 323
521477.22, -2, -98, -142, 323
521477.22, -1, -97, -142, 323
521477.22, 0, -98, -142, 323
521477.54, -3, -97, -146, 322
521477.54, -2, -95, -144, 322
521477.54, -1, -96, -146, 322
521477.54, 0, -93, -147, 323
521477.86, -3, -94, -147, 321
521477.86, -2, -94, -149, 321
521477.86, -1, -92, -147, 323
521477.86, 0, -94, -148, 322
521478.18, -3, -95, -149, 322
521478.18, -2, -93, -147, 321
521478.18, -1, -93, -148, 322
521478.18, 0, -94, -146, 322
521478.5, -3, -96, -145, 323
521478.5, -2, -95, -144, 322
521478.5, -1, -97, -144, 322
521478.5, 0, -95, -146, 325
521478.82, -3, -98, -142, 323
521478.82, -2, -97, -139, 323
521478.82, -1, -96, -141, 325
521478.82, 0, -101, -138, 324
521479.14, -3, -103, -135, 323
521479.14, -2, -100, -137, 324
521479.14, -1, -104, -137, 323
521479.14, 0, -104, -139, 322
521479.46, -3, -106, -138, 322
521479.46, -2, -104, -139, 321
521479.46, -1, -107, -140, 322
521479.46, 0, -106, -138, 320
521479.78, -3, -105, -138, 323
521479.78, -2, -106, -136, 320
521479.78, -1, -104, -139, 321
521479.78, 0, -102, -137, 322
521480.1, -3, -101, -137, 322
521480.1, -2, -101, -140, 322
521480.1, -1, -101, -139, 322
521480.1, 0, -98, -141, 323
521480.42, -3, -97, -142, 321
521480.42, -2, -99, -142, 322
521480.42, -1, -95, -143, 321
521480.42, 0, -94, -144, 324
521480.74, -3, -95, -145, 321
521480.74, -2, -93, -144, 322
521480.74, -1, -98, -142, 321
521480.74, 0, -95, -144, 322
521481.06, -3, -97, -145, 323
521481.06, -2, -97, -146, 321
521481.06, -1, -94, -147, 320
521481.06, 0, -95, -147, 320
521481.38, -3, -95, -149, 321
521481.38, -2, -94, -149, 320
521481.38, -1, -94, -149, 320
521481.38, 0, -94, -150, 320
521481.7, -3, -93, -151, 322
521481.7, -2, -95, -151, 320
521481.7, -1, -93, -153, 322
521481.7, 0, -93, -151, 322
521482.02, -3, -91, -152, 319
521482.02, -2, -94, -151, 320
521482.02, -1, -93, -152, 321
521482.02, 0, -93, -151, 320
521482.34, -3, -91, -151, 319
521482.34, -2, -92, -152, 319
521482.34, -1, -92, -148, 321
521482.34, 0, -91, -151, 319
521482.66, -3, -93, -150, 320
521482.66, -2, -92, -150, 321
521482.66, -1, -93, -149, 320
521482.66, 0, -91, -149, 319
521482.98, -3, -92, -150, 319
521482.98, -2, -91, -151, 323
521482.98, -1, -93, -150, 321
521482.98, 0, -92, -150, 323
521483.3, -3, -96, -149, 322
521483.3, -2, -96, -148, 320
521483.3, -1, -95, -149, 320
521483.3, 0, -95, -149, 322
521483.62, -3, -98, -147, 321
521483.62, -2, -96, -149, 321
521483.62, -1, -97, -150, 319
521483.62, 0, -99, -148, 319
521483.94, -3, -97, -150, 320
521483.94, -2, -94, -149, 319
521483.94, -1, -96, -149, 319
521483.94, 0, -97, -147, 319
521484.26, -3, -99, -147, 321
521484.26, -2, -98, -150, 317
521484.26, -1, -100, -149, 317
521484.26, 0, -100, -147, 319
521484.58, -3, -99, -151, 316
521484.58, -2, -100, -148, 317
521484.58, -1, -97, -149, 318
521484.58, 0, -97, -149, 318
521484.9, -3, -96, -152, 318
521484.9, -2, -94, -151, 318
521484.9, -1, -94, -152, 319
521484.9, 0, -91, -153, 320
521485.22, -3, -91, -155, 320
521485.22, -2, -91, -152, 320
521485.22, -1, -86, -152, 321
521485.22, 0, -87, -157, 321
521485.54, -3, -85, -156, 322
521485.54, -2, -85, -154, 321
521485.54, -1, -84, -154, 323
521485.54, 0, -84, -156, 323
521485.86, -3, -82, -157, 323
521485.86, -2, -85, -155, 323
521485.86, -1, -82, -156, 324
521485.86, 0, -84, -154, 324
521486.18, -3, -84, -154, 326
521486.18, -2, -84, -153, 324
521486.18, -1, -81, -153, 324
521486.18, 0, -84, -153, 324
521486.5, -3, -85, -152, 326
521486.5, -2, -83, -152, 326
521486.5, -1, -85, -151, 326
521486.5, 0, -86, -151, 326
521486.82, -3, -84, -149, 324
521486.82, -2, -84, -149, 326
521486.82, -1, -86, -151, 326
521486.82, 0, -85, -148, 326
521487.14, -3, -83, -148, 327
521487.14, -2, -80, -146, 329
521487.14, -1, -83, -148, 329
521487.14, 0, -82, -146, 329
521487.46, -3, -83, -146, 331
521487.46, -2, -80, -147, 329
521487.46, -1, -83, -145, 329
521487.46, 0, -83, -144, 330
521487.78, -3, -84, -144, 330
521487.78, -2, -82, -144, 332
521487.78, -1, -79, -142, 332
521487.78, 0, -81, -144, 330
521488.1, -3, -82, -143, 332
521488.1, -2, -80, -146, 332
521488.1, -1, -79, -145, 333
521488.1, 0, -79, -145, 331
521488.42, -3, -78, -145, 328
521488.42, -2, -81, -147, 330
521488.42, -1, -80, -149, 329
521488.42, 0, -80, -148, 332
521488.74, -3, -78, -150, 327
521488.74, -2, -77, -152, 328
521488.74, -1, -78, -152, 328
521488.74, 0, -78, -152, 329
521489.06, -3, -76, -150, 329
521489.06, -2, -75, -153, 328
521489.06, -1, -75, -156, 327
521489.06, 0, -73, -155, 329
521489.38, -3, -73, -156, 328
521489.38, -2, -74, -154, 329
521489.38, -1, -70, -156, 329
521489.38, 0, -72, -155, 326
521489.7, -3, -71, -155, 328
521489.7, -2, -74, -155, 328
521489.7, -1, -74, -155, 328
521489.7, 0, -74, -156, 328
521490.02, -3, -76, -158, 328
521490.02, -2, -76, -154, 328
521490.02, -1, -76, -155, 330
521490.02, 0, -78, -154, 329
521490.34, -3, -77, -155, 327
521490.34, -2, -75, -157, 327
521490.34, -1, -73, -155, 326
521490.34, 0, -73, -156, 328
521490.66, -3, -71, -155, 330
521490.66, -2, -69, -154, 330
521490.66, -1, -68, -155, 328
521490.66, 0, -67, -156, 330
521490.98, -3, -64, -159, 329
521490.98, -2, -66, -159, 329
521490.98, -1, -65, -159, 330
521490.98, 0, -59, -160, 330
521491.3, -3, -58, -162, 330
521491.3, -2, -56, -163, 331
521491.3, -1, -58, -167, 331
521491.3, 0, -55, -164, 331
521491.62, -3, -51, -168, 330
521491.62, -2, -53, -168, 330
521491.62, -1, -53, -168, 331
521491.62, 0, -54, -167, 332
521491.94, -3, -52, -167, 331
521491.94, -2, -55, -167, 330
521491.94, -1, -60, -167, 331
521491.94, 0, -57, -169, 328
521492.26, -3, -57, -167, 327
521492.26, -2, -58, -171, 326
521492.26, -1, -61, -167, 326
521492.26, 0, -60, -167, 327
521492.58, -3, -61, -168, 323
521492.58, -2, -63, -168, 327
521492.58, -1, -60, -170, 323
521492.58, 0, -62, -169, 325
521492.9, -3, -63, -170, 326
521492.9, -2, -61, -167, 329
521492.9, -1, -60, -166, 329
521492.9, 0, -57, -167, 330
521493.22, -3, -56, -167, 330
521493.22, -2, -55, -167, 332
521493.22, -1, -52, -166, 332
521493.22, 0, -50, -167, 333
521493.54, -3, -47, -167, 334
521493.54, -2, -45, -166, 336
521493.54, -1, -40, -161, 341
521493.54, 0, -35, -160, 342
521493.86, -3, -29, -148, 349
521493.86, -2, -20, -152, 352
521493.86, -1, -7, -151, 353
521493.86, 0, 9, -147, 358
521494.18, -3, 26, -149, 362
521494.18, -2, 48, -148, 363
521494.18, -1, 68, -154, 357
521494.18, 0, 88, -156, 357
521494.5, -3, 105, -158, 353
521494.5, -2, 122, -156, 348
521494.5, -1, 133, -159, 342
521494.5, 0, 142, -159, 340
521494.82, -3, 147, -163, 337
521494.82, -2, 146, -168, 337
521494.82, -1, 152, -167, 334
521494.82, 0, 151, -170, 332
521495.14, -3, 149, -171, 330
521495.14, -2, 147, -174, 331
521495.14, -1, 147, -176, 330
521495.14, 0, 146, -175, 330
521495.46, -3, 143, -176, 332
521495.46, -2, 139, -180, 331
521495.46, -1, 142, -181, 329
521495.46, 0, 138, -183, 329
521495.78, -3, 137, -186, 331
521495.78, -2, 131, -184, 331
521495.78, -1, 129, -182, 332
521495.78, 0, 122, -182, 336
521496.1, -3, 121, -177, 340
521496.1, -2, 115, -175, 339
521496.1, -1, 111, -170, 346
521496.1, 0, 108, -168, 346
521496.42, -3, 102, -167, 348
521496.42, -2, 94, -166, 350
521496.42, -1, 90, -167, 350
521496.42, 0, 83, -167, 352
521496.74, -3, 76, -165, 355
521496.74, -2, 72, -163, 355
521496.74, -1, 61, -159, 355
521496.74, 0, 52, -160, 357
521497.06, -3, 45, -157, 357
521497.06, -2, 34, -157, 356
521497.06, -1, 27, -155, 358
521497.06, 0, 16, -153, 358
521497.38, -3, 7, -151, 355
521497.38, -2, -1, -152, 356
521497.38, -1, -11, -152, 352
521497.38, 0, -21, -150, 351
521497.7, -3, -27, -151, 350
521497.7, -2, -35, -149, 348
521497.7, -1, -42, -150, 347
521497.7, 0, -46, -149, 343
521498.02, -3, -51, -150, 341
521498.02, -2, -58, -152, 339
521498.02, -1, -61, -154, 337
521498.02, 0, -65, -156, 333
521498.34, -3, -63, -157, 331
521498.34, -2, -67, -158, 331
521498.34, -1, -65, -159, 330
521498.34, 0, -63, -160, 331
521498.66, -3, -64, -159, 331
521498.66, -2, -62, -159, 330
521498.66, -1, -61, -161, 329
521498.66, 0, -63, -161, 330
521498.98, -3, -62, -162, 328
521498.98, -2, -64, -164, 329
521498.98, -1, -62, -164, 329
521498.98, 0, -64, -164, 327
521499.3, -3, -63, -166, 329
521499.3, -2, -63, -164, 328
521499.3, -1, -63, -164, 330
521499.3, 0, -63, -165, 329
521499.62, -3, -62, -163, 329
521499.62, -2, -62, -163, 331
521499.62, -1, -60, -163, 330
521499.62, 0, -62, -164, 330
521499.94, -3, -58, -167, 332
521499.94, -2, -61, -167, 327
521499.94, -1, -59, -168, 329
521499.94, 0, -60, -168, 329
