521360, 35.2941979, 136.2544368, 139.883, 2.33, 3.547, -0.03, 0, 0.01, 0.47
521360.2, 35.294198, 136.2544368, 139.888, 2.328, 3.548, 0.03, 0, 0.02, 0.36
521360.4, 35.2941979, 136.254437, 139.88, 2.333, 3.55, 0, 0.01, 0.03, 0.32
521360.6, 35.2941978, 136.2544372, 139.9, 2.332, 3.547, 0, 0.03, 0.02, 0.35
521360.8, 35.2941977, 136.2544374, 139.928, 2.333, 3.554, -0.01, 0.05, 0.02, 0.39
521361, 35.2941975, 136.2544376, 139.945, 2.335, 3.561, -0.03, 0.05, 0.02, 0.42
521361.2, 35.2941974, 136.2544377, 139.964, 2.337, 3.569, -0.01, 0.05, 0.02, 0.41
521361.4, 35.2941974, 136.2544378, 139.989, 2.339, 3.577, 0.01, 0.04, 0.02, 0.37
521361.6, 35.2941974, 136.2544378, 140.01, 2.342, 3.586, 0.01, 0.01, 0.03, 0.32
521361.8, 35.2941972, 136.2544378, 140.025, 2.345, 3.597, -0.02, -0.02, 0.02, 0.32
521362, 35.2941972, 136.2544379, 140.043, 2.348, 3.607, 0.01, 0.03, 0.02, 0.39
521362.2, 35.2941972, 136.254438, 140.075, 2.351, 3.617, 0, 0.05, 0.01, 0.39
521362.4, 35.2941972, 136.254438, 140.104, 2.354, 3.628, 0.01, 0.04, 0.01, 0.37
521362.6, 35.2941972, 136.2544378, 140.132, 2.357, 3.639, 0, -0.04, 0, 0.37
521362.8, 35.2941974, 136.2544378, 140.197, 2.363, 3.651, 0.07, 0, -0.01, 0.48
521363, 35.2941974, 136.2544377, 140.284, 2.367, 3.663, 0.05, 0.03, -0.02, 0.36
521363.2, 35.2941974, 136.2544377, 140.322, 2.37, 3.675, 0.02, 0.02, -0.03, 0.32
521363.4, 35.2941974, 136.2544376, 140.353, 2.377, 3.689, 0.02, 0.01, -0.03, 0.39
521363.6, 35.2941975, 136.2544375, 140.438, 2.378, 3.697, 0.06, 0.01, -0.04, 0.38
521363.8, 35.2941972, 136.2544375, 140.469, 2.382, 3.71, -0.04, -0.03, -0.04, 0.34
521364, 35.2941972, 136.2544374, 140.537, 2.385, 3.723, -0.02, 0.01, -0.04, 0.31
521364.2, 35.2941972, 136.2544374, 140.565, 2.386, 3.731, 0.02, -0.02, -0.04, 0.42
521364.4, 35.2941971, 136.2544374, 140.63, 2.388, 3.739, -0.01, -0.01, -0.04, 0.33
521364.6, 35.294197, 136.2544373, 140.662, 2.389, 3.746, 0, -0.02, -0.04, 0.36
521364.8, 35.2941968, 136.2544374, 140.681, 2.39, 3.751, -0.02, 0, -0.03, 0.3
521365, 35.2941969, 136.2544374, 140.693, 2.391, 3.755, 0.01, -0.04, -0.02, 0.41
521365.2, 35.294197, 136.2544374, 140.717, 2.391, 3.759, 0.03, -0.03, -0.02, 0.45
521365.4, 35.2941971, 136.2544373, 140.8, 2.392, 3.763, 0.02, -0.01, -0.03, 0.4
521365.6, 35.2941971, 136.2544374, 140.824, 2.392, 3.766, 0.03, 0.03, -0.02, 0.3
521365.8, 35.2941972, 136.2544374, 140.866, 2.392, 3.77, 0.04, -0.01, -0.02, 0.41
521366, 35.2941972, 136.2544373, 140.909, 2.392, 3.772, 0.05, -0.01, -0.01, 0.41
521366.2, 35.2941972, 136.2544372, 140.962, 2.392, 3.774, -0.02, 0, -0.02, 0.31
521366.4, 35.2941972, 136.2544371, 141.008, 2.393, 3.776, -0.01, 0.04, -0.02, 0.34
521366.6, 35.2941973, 136.2544369, 141.052, 2.392, 3.78, 0.01, 0.01, -0.03, 0.3
521366.8, 35.2941971, 136.2544369, 141.05, 2.392, 3.783, -0.02, 0.01, -0.03, 0.3
521367, 35.2941971, 136.2544369, 141.037, 2.393, 3.788, 0.02, -0.02, -0.02, 0.44
521367.2, 35.2941969, 136.254437, 141.02, 2.394, 3.793, -0.03, 0, -0.01, 0.32
521367.4, 35.2941968, 136.2544371, 141.018, 2.396, 3.799, -0.02, 0.03, -0.01, 0.4
521367.6, 35.2941968, 136.254437, 141.043, 2.397, 3.806, -0.03, 0.03, -0.02, 0.38
521367.8, 35.294197, 136.2544369, 141.052, 2.4, 3.817, 0.06, -0.01, -0.01, 0.41
521368, 35.294197, 136.2544369, 141.073, 2.402, 3.824, 0.01, 0.01, -0.02, 0.34
521368.2, 35.2941969, 136.254437, 141.091, 2.403, 3.831, -0.01, 0.01, -0.01, 0.34
521368.4, 35.2941968, 136.2544369, 141.126, 2.405, 3.838, -0.01, 0, -0.01, 0.32
521368.6, 35.2941966, 136.2544369, 141.175, 2.406, 3.844, -0.05, 0.02, -0.01, 0.39
521368.8, 35.2941967, 136.2544367, 141.206, 2.408, 3.85, 0, -0.04, -0.01, 0.37
521369, 35.2941966, 136.2544366, 141.242, 2.41, 3.861, -0.01, -0.02, 0, 0.36
521369.2, 35.2941966, 136.2544366, 141.285, 2.413, 3.873, 0.03, -0.01, 0, 0.41
521369.4, 35.2941965, 136.2544366, 141.326, 2.414, 3.877, -0.03, -0.01, 0, 0.32
521369.6, 35.2941966, 136.2544365, 141.368, 2.415, 3.883, 0.01, 0, -0.01, 0.38
521369.8, 35.2941965, 136.2544364, 141.401, 2.416, 3.889, 0, 0, 0, 0.36
521370, 35.2941966, 136.2544362, 141.446, 2.417, 3.894, 0, 0, -0.01, 0.32
521370.2, 35.2941966, 136.254436, 141.493, 2.418, 3.901, -0.05, -0.04, 0, 0.29
521370.4, 35.2941965, 136.2544361, 141.514, 2.42, 3.908, -0.03, 0.01, 0, 0.39
521370.6, 35.2941966, 136.254436, 141.579, 2.422, 3.921, -0.04, 0.02, -0.02, 0.38
521370.8, 35.2941967, 136.2544359, 141.6, 2.426, 3.937, 0, -0.02, -0.01, 0.41
521371, 35.2941962, 136.2544359, 141.624, 2.43, 3.954, -0.15, -0.02, -0.01, 0.39
521371.2, 35.2941963, 136.2544361, 141.624, 2.433, 3.964, -0.01, 0.06, -0.01, 0.38
521371.4, 35.2941964, 136.254436, 141.658, 2.436, 3.974, 0, 0, 0, 0.39
521371.6, 35.2941963, 136.2544359, 141.673, 2.444, 3.989, -0.01, -0.02, -0.01, 0.38
521371.8, 35.294197, 136.2544355, 141.671, 2.454, 4.006, 0.17, -0.01, -0.02, 0.56
521372, 35.2941973, 136.2544351, 141.65, 2.463, 4.014, 0.16, -0.12, -0.01, 0.58
521372.2, 35.2941972, 136.2544352, 141.623, 2.474, 4.024, 0.1, -0.08, 0, 0.58
521372.4, 35.2941969, 136.2544354, 141.605, 2.473, 4.039, 0, -0.02, 0, 0.43
521372.6, 35.2941971, 136.2544349, 141.608, 2.478, 4.054, 0.05, -0.16, 0, 0.45
521372.8, 35.294197, 136.2544335, 141.611, 2.483, 4.06, -0.01, -0.44, 0, 0.38
521373, 35.294198, 136.2544317, 141.636, 2.482, 4.063, 0.22, -0.65, 0.01, 0.41
521373.2, 35.294199, 136.2544296, 141.584, 2.478, 4.062, 0.41, -0.88, 0.02, 0.42
521373.4, 35.2942005, 136.2544261, 141.559, 2.473, 4.058, 0.62, -1.28, 0.03, 0.4
521373.6, 35.294202, 136.2544227, 141.527, 2.472, 4.055, 0.77, -1.45, 0.04, 0.46
521373.8, 35.2942048, 136.2544179, 141.487, 2.469, 4.052, 1.16, -1.86, 0.06, 0.42
521374, 35.294208, 136.2544121, 141.481, 2.458, 4.042, 1.48, -2.26, 0.06, 0.35
521374.2, 35.2942111, 136.2544055, 141.444, 2.446, 4.02, 1.63, -2.66, 0.08, 0.35
521374.4, 35.2942145, 136.2543983, 141.385, 2.436, 4.009, 1.79, -3.03, 0.09, 0.34
521374.6, 35.2942185, 136.2543905, 141.355, 2.427, 3.991, 2.03, -3.32, 0.11, 0.38
521374.8, 35.2942223, 136.2543819, 141.275, 2.419, 3.973, 2.08, -3.68, 0.12, 0.36
521375, 35.2942267, 136.2543726, 141.169, 2.408, 3.963, 2.29, -4.06, 0.12, 0.34
521375.2, 35.2942315, 136.254363, 141.042, 2.391, 3.922, 2.49, -4.39, 0.16, 0.33
521375.4, 35.2942365, 136.2543531, 140.954, 2.375, 3.897, 2.64, -4.68, 0.17, 0.36
521375.6, 35.2942414, 136.2543426, 140.775, 2.359, 3.864, 2.72, -4.86, 0.2, 0.4
521375.8, 35.2942466, 136.2543313, 140.564, 2.344, 3.841, 2.98, -5.22, 0.24, 0.36
521376, 35.294253, 136.2543185, 140.469, 2.328, 3.796, 3.3, -5.57, 0.31, 0.38
521376.2, 35.2942587, 136.2543059, 140.351, 2.321, 3.777, 3.26, -5.67, 0.36, 0.42
521376.4, 35.2942618, 136.2542941, 139.463, 2.312, 3.747, 2.72, -5.92, 0.68, 0.44
521376.6, 35.2942667, 136.2542807, 138.775, 2.304, 3.72, 2.83, -6.2, 0.88, 0.44
521376.8, 35.2942727, 136.2542664, 138.128, 2.3, 3.696, 3.15, -6.58, 1.01, 0.46
521377, 35.2942798, 136.2542514, 137.417, 2.294, 3.669, 3.67, -6.97, 1.11, 0.46
521377.2, 35.2942881, 136.2542335, 137.158, 2.286, 3.636, 4.1, -7.62, 1.09, 0.45
521377.4, 35.2942966, 136.2542149, 137.035, 2.278, 3.611, 4.44, -8.05, 1.03, 0.44
521377.6, 35.2943058, 136.2541955, 136.963, 2.26, 3.571, 4.77, -8.36, 0.95, 0.37
521377.8, 35.2943154, 136.2541757, 137.028, 2.256, 3.558, 5.01, -8.55, 0.87, 0.43
521378, 35.2943252, 136.2541558, 136.95, 2.255, 3.55, 5.21, -8.71, 0.84, 0.44
521378.2, 35.2943353, 136.254136, 136.837, 2.248, 3.544, 5.36, -8.76, 0.83, 0.36
521378.4, 35.2943453, 136.2541172, 136.66, 2.24, 3.539, 5.48, -8.62, 0.83, 0.35
521378.6, 35.2943557, 136.2540976, 136.524, 2.235, 3.542, 5.59, -8.72, 0.82, 0.35
521378.8, 35.2943667, 136.2540781, 136.469, 2.23, 3.541, 5.86, -8.68, 0.76, 0.35
521379, 35.2943777, 136.254059, 136.416, 2.223, 3.532, 6.01, -8.62, 0.68, 0.35
521379.2, 35.2943887, 136.2540402, 136.332, 2.22, 3.535, 6.04, -8.5, 0.66, 0.36
521379.4, 35.2944, 136.2540214, 136.277, 2.215, 3.531, 6.12, -8.43, 0.63, 0.36
521379.6, 35.2944121, 136.2540022, 136.389, 2.205, 3.528, 6.36, -8.4, 0.54, 0.39
521379.8, 35.2944238, 136.2539837, 136.449, 2.198, 3.519, 6.46, -8.3, 0.48, 0.42
521380, 35.2944353, 136.2539649, 136.462, 2.198, 3.523, 6.39, -8.37, 0.44, 0.4
521380.2, 35.2944466, 136.2539469, 136.515, 2.197, 3.522, 6.35, -8.16, 0.41, 0.4
521380.4, 35.294458, 136.2539291, 136.557, 2.195, 3.524, 6.34, -8.03, 0.37, 0.43
521380.6, 35.2944691, 136.2539116, 136.591, 2.196, 3.531, 6.26, -7.9, 0.33, 0.44
521380.8, 35.2944798, 136.2538945, 136.58, 2.196, 3.534, 6.1, -7.79, 0.31, 0.43
521381, 35.2944912, 136.2538775, 136.709, 2.195, 3.536, 6.21, -7.62, 0.23, 0.42
521381.2, 35.2945026, 136.2538606, 136.866, 2.192, 3.537, 6.26, -7.49, 0.15, 0.42
521381.4, 35.2945143, 136.2538445, 137.031, 2.191, 3.537, 6.39, -7.27, 0.08, 0.41
521381.6, 35.294526, 136.2538287, 137.169, 2.186, 3.535, 6.47, -7.1, 0.02, 0.41
521381.8, 35.2945377, 136.2538125, 137.295, 2.18, 3.531, 6.58, -7.09, -0.01, 0.4
521382, 35.2945493, 136.2537972, 137.28, 2.168, 3.512, 6.64, -6.99, 0.01, 0.38
521382.2, 35.2945611, 136.2537823, 137.287, 2.155, 3.486, 6.64, -6.91, 0.03, 0.34
521382.4, 35.2945728, 136.2537664, 137.383, 2.147, 3.474, 6.62, -6.97, 0.01, 0.38
521382.6, 35.2945845, 136.2537502, 137.464, 2.148, 3.475, 6.57, -7.13, 0.01, 0.42
521382.8, 35.2945956, 136.2537335, 137.505, 2.141, 3.464, 6.37, -7.26, 0.02, 0.41
521383, 35.294607, 136.2537168, 137.655, 2.131, 3.44, 6.42, -7.2, -0.01, 0.38
521383.2, 35.2946182, 136.2537007, 137.775, 2.125, 3.434, 6.29, -7.14, -0.04, 0.38
521383.4, 35.2946292, 136.2536843, 137.941, 2.12, 3.434, 6.15, -7.14, -0.1, 0.38
521383.6, 35.2946407, 136.2536676, 138.372, 2.106, 3.404, 6.25, -7.06, -0.24, 0.36
521383.8, 35.2946519, 136.2536516, 138.57, 2.097, 3.395, 6.2, -7.04, -0.3, 0.35
521384, 35.294663, 136.2536352, 138.895, 2.086, 3.384, 6.16, -7.09, -0.39, 0.35
521384.2, 35.2946736, 136.2536187, 139.275, 2.07, 3.348, 6.02, -7.12, -0.47, 0.33
521384.4, 35.2946842, 136.2536028, 139.408, 2.065, 3.339, 5.95, -7.14, -0.47, 0.36
521384.6, 35.2946948, 136.2535872, 139.574, 2.057, 3.333, 5.92, -7.06, -0.48, 0.35
521384.8, 35.2947051, 136.2535711, 139.643, 2.047, 3.323, 5.82, -7.16, -0.47, 0.34
521385, 35.2947153, 136.2535553, 139.727, 2.042, 3.315, 5.73, -7.16, -0.47, 0.36
521385.2, 35.2947253, 136.2535396, 139.833, 2.036, 3.313, 5.65, -7.15, -0.47, 0.36
521385.4, 35.2947356, 136.2535238, 139.919, 2.037, 3.316, 5.68, -7.18, -0.48, 0.38
521385.6, 35.2947458, 136.2535078, 140.127, 2.038, 3.312, 5.65, -7.19, -0.53, 0.41
521385.8, 35.2947558, 136.2534927, 140.157, 2.034, 3.301, 5.64, -7.02, -0.51, 0.37
521386, 35.2947658, 136.253477, 140.265, 2.03, 3.29, 5.56, -7.09, -0.51, 0.37
521386.2, 35.2947763, 136.2534619, 140.374, 2.024, 3.278, 5.73, -6.92, -0.52, 0.35
521386.4, 35.2947866, 136.2534464, 140.485, 2.018, 3.269, 5.74, -6.95, -0.52, 0.35
521386.6, 35.2947969, 136.2534314, 140.486, 2.013, 3.254, 5.7, -6.9, -0.48, 0.37
521386.8, 35.2948076, 136.2534165, 140.549, 2.012, 3.256, 5.88, -6.82, -0.47, 0.38
521387, 35.2948181, 136.2534017, 140.543, 2.008, 3.25, 5.83, -6.8, -0.43, 0.37
521387.2, 35.294829, 136.2533872, 140.597, 2.004, 3.251, 5.98, -6.66, -0.41, 0.36
521387.4, 35.2948399, 136.2533729, 140.581, 1.998, 3.246, 6.01, -6.63, -0.37, 0.36
521387.6, 35.294851, 136.2533586, 140.568, 1.994, 3.241, 6.11, -6.59, -0.34, 0.37
521387.8, 35.2948624, 136.2533442, 140.526, 1.993, 3.236, 6.22, -6.57, -0.3, 0.39
521388, 35.2948738, 136.2533298, 140.398, 1.988, 3.23, 6.24, -6.65, -0.22, 0.35
521388.2, 35.2948858, 136.2533146, 140.377, 1.988, 3.236, 6.44, -6.74, -0.19, 0.38
521388.4, 35.2948971, 136.2533001, 140.21, 1.99, 3.231, 6.31, -6.74, -0.11, 0.44
521388.6, 35.2949087, 136.2532858, 140.011, 1.993, 3.229, 6.36, -6.62, -0.02, 0.47
521388.8, 35.2949205, 136.2532707, 139.88, 1.997, 3.225, 6.39, -6.77, 0.04, 0.5
521389, 35.294933, 136.2532556, 139.792, 2.002, 3.227, 6.64, -6.78, 0.07, 0.52
521389.2, 35.2949461, 136.2532398, 139.643, 2.01, 3.229, 6.88, -7, 0.11, 0.52
521389.4, 35.29496, 136.2532235, 139.491, 2.001, 3.231, 7.17, -7.13, 0.15, 0.38
521389.6, 35.2949729, 136.2532074, 139.363, 2.005, 3.234, 7.16, -7.24, 0.18, 0.47
521389.8, 35.2949859, 136.2531915, 139.249, 2.01, 3.238, 7.23, -7.31, 0.2, 0.49
521390, 35.2949994, 136.2531755, 139.148, 2.016, 3.237, 7.38, -7.36, 0.22, 0.51
521390.2, 35.2950128, 136.2531592, 139.01, 2.025, 3.245, 7.42, -7.46, 0.25, 0.51
521390.4, 35.295027, 136.2531427, 138.883, 2.021, 3.254, 7.6, -7.5, 0.28, 0.42
521390.6, 35.2950399, 136.2531266, 138.592, 2.026, 3.25, 7.4, -7.56, 0.38, 0.5
521390.8, 35.2950533, 136.2531092, 138.494, 2.035, 3.255, 7.42, -7.76, 0.4, 0.53
521391, 35.2950665, 136.2530925, 138.233, 2.042, 3.253, 7.39, -7.71, 0.48, 0.55
521391.2, 35.2950798, 136.2530758, 137.882, 2.049, 3.252, 7.39, -7.76, 0.57, 0.54
521391.4, 35.2950934, 136.2530582, 137.513, 2.057, 3.248, 7.47, -8, 0.67, 0.55
521391.6, 35.2951074, 136.2530408, 137.186, 2.064, 3.246, 7.63, -8.02, 0.74, 0.54
521391.8, 35.2951223, 136.2530218, 136.895, 2.055, 3.249, 7.87, -8.38, 0.79, 0.41
521392, 35.2951365, 136.2530032, 136.629, 2.063, 3.251, 7.83, -8.51, 0.82, 0.49
521392.2, 35.2951504, 136.2529848, 136.378, 2.069, 3.249, 7.82, -8.44, 0.83, 0.52
521392.4, 35.2951647, 136.2529647, 136.12, 2.06, 3.239, 7.79, -8.87, 0.88, 0.39
521392.6, 35.2951789, 136.2529451, 135.906, 2.064, 3.239, 7.82, -8.92, 0.88, 0.46
521392.8, 35.2951933, 136.2529255, 135.637, 2.068, 3.239, 7.91, -8.93, 0.9, 0.49
521393, 35.2952074, 136.2529049, 135.361, 2.062, 3.232, 7.84, -9.23, 0.93, 0.38
521393.2, 35.2952216, 136.2528841, 135.202, 2.065, 3.228, 7.86, -9.31, 0.93, 0.47
521393.4, 35.295236, 136.252863, 134.975, 2.069, 3.227, 7.89, -9.48, 0.94, 0.47
521393.6, 35.2952502, 136.2528425, 134.783, 2.073, 3.226, 7.87, -9.37, 0.94, 0.5
521393.8, 35.2952649, 136.2528217, 134.538, 2.081, 3.226, 8.02, -9.39, 0.95, 0.53
521394, 35.2952795, 136.2528005, 134.453, 2.084, 3.215, 8.08, -9.39, 0.89, 0.52
521394.2, 35.2952936, 136.2527793, 134.312, 2.067, 3.208, 7.95, -9.5, 0.86, 0.37
521394.4, 35.2953079, 136.2527579, 134.132, 2.058, 3.187, 7.91, -9.67, 0.86, 0.34
521394.6, 35.2953219, 136.2527369, 133.998, 2.058, 3.188, 7.82, -9.55, 0.84, 0.38
521394.8, 35.2953361, 136.2527153, 133.914, 2.062, 3.193, 7.84, -9.66, 0.8, 0.43
521395, 35.2953495, 136.2526939, 133.758, 2.061, 3.204, 7.6, -9.68, 0.79, 0.37
521395.2, 35.2953628, 136.2526728, 133.634, 2.063, 3.21, 7.48, -9.63, 0.76, 0.31
521395.4, 35.2953766, 136.2526516, 133.696, 2.06, 3.21, 7.54, -9.54, 0.66, 0.3
521395.6, 35.2953903, 136.2526311, 133.719, 2.059, 3.214, 7.54, -9.34, 0.58, 0.3
521395.8, 35.2954034, 136.2526104, 133.671, 2.055, 3.222, 7.38, -9.25, 0.55, 0.29
521396, 35.2954173, 136.2525903, 133.735, 2.054, 3.224, 7.55, -9.05, 0.47, 0.3
521396.2, 35.2954307, 136.2525698, 133.79, 2.052, 3.226, 7.47, -9.08, 0.42, 0.3
521396.4, 35.2954443, 136.2525499, 133.749, 2.043, 3.228, 7.44, -8.97, 0.41, 0.33
521396.6, 35.2954576, 136.2525293, 133.788, 2.037, 3.232, 7.36, -9.02, 0.38, 0.34
521396.8, 35.2954708, 136.2525092, 133.763, 2.037, 3.241, 7.24, -9.01, 0.37, 0.36
521397, 35.2954836, 136.2524891, 133.729, 2.029, 3.244, 7.1, -9, 0.36, 0.36
521397.2, 35.2954965, 136.2524686, 133.811, 2.018, 3.242, 7.13, -9.01, 0.3, 0.34
521397.4, 35.2955095, 136.2524486, 133.843, 2.016, 3.241, 7.14, -8.99, 0.25, 0.38
521397.6, 35.2955223, 136.2524287, 133.783, 2.015, 3.239, 7.13, -9.01, 0.22, 0.39
521397.8, 35.2955352, 136.2524093, 133.84, 2.008, 3.236, 7.13, -8.79, 0.16, 0.35
521398, 35.2955481, 136.2523901, 133.892, 1.997, 3.232, 7.15, -8.64, 0.12, 0.33
521398.2, 35.2955608, 136.2523708, 133.987, 1.992, 3.227, 7.06, -8.64, 0.08, 0.35
521398.4, 35.2955733, 136.2523513, 134.053, 1.987, 3.223, 6.97, -8.65, 0.06, 0.36
521398.6, 35.2955859, 136.252332, 134.151, 1.986, 3.227, 6.98, -8.64, 0.03, 0.36
521398.8, 35.2955979, 136.2523123, 134.245, 1.974, 3.217, 6.86, -8.68, 0.03, 0.32
521399, 35.29561, 136.252293, 134.184, 1.966, 3.21, 6.81, -8.69, 0.08, 0.32
521399.2, 35.2956223, 136.2522737, 134.106, 1.965, 3.204, 6.82, -8.8, 0.11, 0.35
521399.4, 35.2956346, 136.2522546, 133.979, 1.961, 3.198, 6.82, -8.72, 0.16, 0.36
521399.6, 35.2956475, 136.2522356, 133.902, 1.959, 3.191, 7.01, -8.7, 0.19, 0.37
521399.8, 35.2956604, 136.2522163, 133.786, 1.958, 3.185, 7.07, -8.77, 0.23, 0.43
521400, 35.2956734, 136.2521969, 133.645, 1.96, 3.187, 7.15, -8.83, 0.26, 0.46
521400.2, 35.2956855, 136.2521784, 133.187, 1.963, 3.175, 6.9, -8.84, 0.42, 0.47
521400.4, 35.2956982, 136.2521588, 132.902, 1.968, 3.171, 6.9, -9.03, 0.5, 0.47
521400.6, 35.2957114, 136.2521391, 132.554, 1.975, 3.167, 7.1, -9.11, 0.59, 0.48
521400.8, 35.2957244, 136.252119, 132.345, 1.985, 3.167, 7.14, -9.16, 0.62, 0.51
521401, 35.2957374, 136.2520981, 132.169, 1.993, 3.168, 7.16, -9.43, 0.63, 0.49
521401.2, 35.2957509, 136.2520772, 131.974, 1.998, 3.157, 7.34, -9.47, 0.66, 0.49
521401.4, 35.2957641, 136.2520559, 131.871, 2.005, 3.159, 7.3, -9.59, 0.65, 0.47
521401.6, 35.2957774, 136.2520351, 131.721, 2.005, 3.162, 7.37, -9.53, 0.66, 0.44
521401.8, 35.2957904, 136.2520142, 131.558, 2.006, 3.164, 7.3, -9.55, 0.66, 0.38
521402, 35.2958039, 136.2519928, 131.409, 1.997, 3.158, 7.38, -9.62, 0.67, 0.34
521402.2, 35.2958175, 136.2519718, 131.294, 1.993, 3.148, 7.47, -9.55, 0.66, 0.39
521402.4, 35.2958308, 136.2519508, 131.224, 1.988, 3.143, 7.37, -9.49, 0.64, 0.36
521402.6, 35.2958444, 136.2519297, 131.097, 1.986, 3.144, 7.5, -9.5, 0.64, 0.37
521402.8, 35.295858, 136.2519083, 131.107, 1.979, 3.125, 7.45, -9.59, 0.58, 0.37
521403, 35.2958717, 136.2518869, 131.155, 1.974, 3.112, 7.51, -9.55, 0.52, 0.38
521403.2, 35.2958851, 136.2518652, 131.23, 1.966, 3.091, 7.44, -9.59, 0.46, 0.38
521403.4, 35.2958982, 136.2518435, 131.272, 1.959, 3.075, 7.32, -9.64, 0.42, 0.38
521403.6, 35.2959114, 136.2518216, 131.381, 1.949, 3.049, 7.36, -9.62, 0.37, 0.37
521403.8, 35.2959246, 136.2518004, 131.353, 1.945, 3.037, 7.32, -9.61, 0.35, 0.39
521404, 35.2959373, 136.251779, 131.408, 1.939, 3.028, 7.12, -9.56, 0.3, 0.38
521404.2, 35.2959502, 136.2517582, 131.381, 1.94, 3.033, 7.13, -9.46, 0.27, 0.39
521404.4, 35.2959631, 136.2517373, 131.362, 1.935, 3.034, 7.09, -9.41, 0.24, 0.36
521404.6, 35.2959758, 136.2517162, 131.472, 1.932, 3.024, 7.01, -9.42, 0.16, 0.39
521404.8, 35.2959888, 136.2516948, 131.663, 1.924, 3.015, 7.09, -9.42, 0.07, 0.35
521405, 35.2960013, 136.2516743, 131.681, 1.925, 3.022, 6.97, -9.3, 0.05, 0.4
521405.2, 35.2960139, 136.2516537, 131.721, 1.928, 3.027, 6.95, -9.3, 0.03, 0.42
521405.4, 35.2960263, 136.251633, 131.799, 1.927, 3.027, 6.93, -9.32, 0.02, 0.4
521405.6, 35.2960388, 136.2516124, 131.813, 1.928, 3.029, 6.88, -9.37, 0, 0.41
521405.8, 35.2960511, 136.2515924, 131.825, 1.931, 3.033, 6.86, -9.21, 0, 0.42
521406, 35.2960637, 136.2515714, 131.889, 1.924, 3.031, 6.86, -9.24, -0.04, 0.36
521406.2, 35.2960761, 136.251551, 131.938, 1.916, 3.006, 6.79, -9.3, -0.08, 0.35
521406.4, 35.2960882, 136.25153, 132.087, 1.904, 2.978, 6.78, -9.28, -0.1, 0.32
521406.6, 35.2960999, 136.2515098, 132.083, 1.895, 2.958, 6.58, -9.21, -0.11, 0.33
521406.8, 35.2961119, 136.2514898, 132.126, 1.89, 2.958, 6.63, -9.11, -0.13, 0.32
521407, 35.2961239, 136.2514697, 132.158, 1.885, 2.955, 6.54, -9.08, -0.12, 0.36
521407.2, 35.2961356, 136.2514494, 132.231, 1.884, 2.954, 6.47, -9.15, -0.14, 0.38
521407.4, 35.2961474, 136.2514296, 132.306, 1.877, 2.945, 6.47, -9.06, -0.14, 0.32
521407.6, 35.2961589, 136.2514095, 132.41, 1.872, 2.936, 6.34, -9.11, -0.14, 0.32
521407.8, 35.2961704, 136.2513894, 132.493, 1.866, 2.928, 6.38, -9.07, -0.15, 0.31
521408, 35.296182, 136.2513693, 132.514, 1.864, 2.927, 6.39, -9.08, -0.13, 0.33
521408.2, 35.2961933, 136.2513496, 132.528, 1.861, 2.922, 6.33, -8.99, -0.12, 0.34
521408.4, 35.2962046, 136.2513297, 132.509, 1.864, 2.927, 6.27, -9.04, -0.1, 0.37
521408.6, 35.296216, 136.25131, 132.518, 1.866, 2.929, 6.3, -8.99, -0.1, 0.37
521408.8, 35.2962272, 136.2512903, 132.514, 1.867, 2.933, 6.24, -8.95, -0.1, 0.36
521409, 35.2962382, 136.2512705, 132.518, 1.868, 2.94, 6.17, -8.91, -0.11, 0.36
521409.2, 35.2962493, 136.2512507, 132.525, 1.865, 2.943, 6.14, -9.01, -0.12, 0.35
521409.4, 35.2962605, 136.2512311, 132.517, 1.864, 2.948, 6.18, -8.97, -0.11, 0.35
521409.6, 35.2962714, 136.2512116, 132.503, 1.862, 2.948, 6.12, -8.92, -0.1, 0.34
521409.8, 35.2962821, 136.2511922, 132.531, 1.856, 2.941, 6.06, -8.86, -0.09, 0.33
521410, 35.2962931, 136.251173, 132.525, 1.852, 2.942, 6.08, -8.81, -0.1, 0.35
521410.2, 35.2963042, 136.2511533, 132.632, 1.845, 2.933, 6.13, -8.82, -0.12, 0.35
521410.4, 35.2963156, 136.2511342, 132.553, 1.838, 2.917, 6.26, -8.74, -0.09, 0.33
521410.6, 35.2963267, 136.2511145, 132.645, 1.831, 2.9, 6.25, -8.76, -0.09, 0.33
521410.8, 35.2963379, 136.251095, 132.625, 1.824, 2.882, 6.3, -8.7, -0.05, 0.32
521411, 35.2963494, 136.2510759, 132.535, 1.819, 2.867, 6.33, -8.73, 0.01, 0.35
521411.2, 35.2963613, 136.2510568, 132.475, 1.816, 2.861, 6.42, -8.73, 0.03, 0.36
521411.4, 35.2963729, 136.2510378, 132.441, 1.815, 2.866, 6.42, -8.69, 0.04, 0.37
521411.6, 35.2963847, 136.2510188, 132.43, 1.815, 2.87, 6.52, -8.61, 0.05, 0.36
521411.8, 35.2963963, 136.2509995, 132.388, 1.821, 2.879, 6.47, -8.74, 0.07, 0.46
521412, 35.2964081, 136.2509807, 132.322, 1.816, 2.874, 6.54, -8.64, 0.1, 0.34
521412.2, 35.2964201, 136.2509622, 132.292, 1.81, 2.858, 6.6, -8.52, 0.11, 0.35
521412.4, 35.2964322, 136.2509437, 132.265, 1.809, 2.855, 6.64, -8.55, 0.11, 0.36
521412.6, 35.2964442, 136.2509252, 132.284, 1.808, 2.853, 6.66, -8.51, 0.08, 0.35
521412.8, 35.2964561, 136.2509065, 132.336, 1.807, 2.855, 6.63, -8.5, 0.07, 0.35
521413, 35.2964679, 136.2508877, 132.45, 1.805, 2.85, 6.59, -8.5, 0.04, 0.35
521413.2, 35.2964798, 136.2508691, 132.507, 1.803, 2.843, 6.62, -8.42, 0.02, 0.34
521413.4, 35.2964915, 136.2508499, 132.617, 1.798, 2.834, 6.52, -8.62, -0.01, 0.33
521413.6, 35.2965032, 136.2508313, 132.655, 1.795, 2.831, 6.52, -8.49, -0.03, 0.33
521413.8, 35.2965148, 136.2508125, 132.654, 1.793, 2.829, 6.46, -8.55, -0.02, 0.36
521414, 35.2965265, 136.2507935, 132.65, 1.794, 2.831, 6.47, -8.61, -0.01, 0.37
521414.2, 35.2965381, 136.2507748, 132.61, 1.792, 2.83, 6.51, -8.55, 0.02, 0.35
521414.4, 35.2965496, 136.2507563, 132.582, 1.791, 2.83, 6.44, -8.49, 0.03, 0.35
521414.6, 35.2965611, 136.2507373, 132.599, 1.789, 2.829, 6.42, -8.57, 0.02, 0.35
521414.8, 35.296573, 136.2507188, 132.575, 1.786, 2.828, 6.55, -8.47, 0.03, 0.35
521415, 35.2965846, 136.2507, 132.56, 1.78, 2.817, 6.51, -8.55, 0.04, 0.34
521415.2, 35.2965965, 136.2506818, 132.581, 1.775, 2.807, 6.56, -8.37, 0.02, 0.33
521415.4, 35.2966082, 136.250663, 132.64, 1.769, 2.793, 6.5, -8.46, 0.02, 0.33
521415.6, 35.2966201, 136.2506443, 132.6, 1.761, 2.775, 6.52, -8.51, 0.03, 0.32
521415.8, 35.2966321, 136.2506256, 132.608, 1.755, 2.76, 6.59, -8.45, 0.02, 0.35
521416, 35.2966438, 136.250607, 132.625, 1.75, 2.749, 6.48, -8.47, 0.01, 0.35
521416.2, 35.2966555, 136.2505884, 132.553, 1.747, 2.742, 6.45, -8.49, 0.03, 0.37
521416.4, 35.2966672, 136.2505698, 132.532, 1.746, 2.739, 6.52, -8.43, 0.03, 0.38
521416.6, 35.2966788, 136.2505511, 132.545, 1.743, 2.73, 6.47, -8.46, 0.02, 0.38
521416.8, 35.2966903, 136.2505323, 132.514, 1.736, 2.717, 6.42, -8.45, 0.04, 0.35
521417, 35.2967018, 136.2505136, 132.548, 1.731, 2.708, 6.45, -8.43, 0.02, 0.34
521417.2, 35.2967134, 136.2504946, 132.637, 1.726, 2.698, 6.42, -8.49, -0.01, 0.33
521417.4, 35.296725, 136.2504758, 132.689, 1.722, 2.687, 6.43, -8.42, -0.03, 0.35
521417.6, 35.2967362, 136.2504572, 132.708, 1.722, 2.685, 6.29, -8.36, -0.05, 0.38
521417.8, 35.2967478, 136.2504385, 132.7, 1.725, 2.689, 6.39, -8.42, -0.04, 0.4
521418, 35.2967591, 136.2504202, 132.715, 1.723, 2.688, 6.33, -8.38, -0.04, 0.36
521418.2, 35.2967704, 136.2504016, 132.738, 1.719, 2.68, 6.26, -8.43, -0.04, 0.34
521418.4, 35.2967817, 136.2503831, 132.765, 1.715, 2.678, 6.2, -8.45, -0.04, 0.32
521418.6, 35.2967929, 136.2503643, 132.851, 1.713, 2.676, 6.19, -8.46, -0.08, 0.33
521418.8, 35.2968039, 136.2503456, 132.902, 1.708, 2.673, 6.1, -8.47, -0.09, 0.32
521419, 35.2968148, 136.2503269, 132.92, 1.707, 2.675, 6.04, -8.45, -0.1, 0.34
521419.2, 35.296826, 136.250308, 132.943, 1.705, 2.671, 6.16, -8.53, -0.11, 0.33
521419.4, 35.2968371, 136.2502887, 132.969, 1.705, 2.673, 6.14, -8.62, -0.12, 0.37
521419.6, 35.2968482, 136.2502704, 132.968, 1.702, 2.668, 6.14, -8.41, -0.11, 0.35
521419.8, 35.2968593, 136.250252, 133, 1.696, 2.661, 6.15, -8.36, -0.11, 0.31
521420, 35.2968702, 136.2502333, 132.998, 1.69, 2.654, 6.08, -8.5, -0.07, 0.3
521420.2, 35.2968811, 136.2502142, 133.063, 1.685, 2.642, 6.1, -8.49, -0.05, 0.32
521420.4, 35.2968919, 136.2501953, 133.03, 1.683, 2.632, 6.06, -8.49, 0, 0.35
521420.6, 35.2969025, 136.2501763, 132.92, 1.679, 2.632, 5.96, -8.59, 0.05, 0.33
521420.8, 35.2969133, 136.2501571, 132.884, 1.68, 2.638, 6, -8.6, 0.05, 0.38
521421, 35.296924, 136.2501384, 132.716, 1.681, 2.639, 5.93, -8.55, 0.11, 0.41
521421.2, 35.2969351, 136.2501196, 132.553, 1.682, 2.644, 6.01, -8.58, 0.15, 0.38
521421.4, 35.2969458, 136.2501007, 132.338, 1.68, 2.649, 5.93, -8.69, 0.23, 0.37
521421.6, 35.2969563, 136.2500819, 132.174, 1.678, 2.648, 5.86, -8.65, 0.27, 0.36
521421.8, 35.2969668, 136.250063, 132.046, 1.68, 2.652, 5.79, -8.64, 0.3, 0.4
521422, 35.2969772, 136.2500437, 131.946, 1.683, 2.657, 5.72, -8.7, 0.29, 0.42
521422.2, 35.2969876, 136.2500251, 131.841, 1.689, 2.662, 5.72, -8.54, 0.28, 0.43
521422.4, 35.2969978, 136.2500056, 131.864, 1.687, 2.665, 5.64, -8.69, 0.23, 0.36
521422.6, 35.2970078, 136.2499865, 131.868, 1.689, 2.67, 5.55, -8.65, 0.19, 0.37
521422.8, 35.2970176, 136.2499674, 131.834, 1.694, 2.681, 5.47, -8.64, 0.18, 0.41
521423, 35.2970271, 136.2499484, 131.775, 1.695, 2.688, 5.37, -8.66, 0.2, 0.35
521423.2, 35.2970369, 136.2499292, 131.808, 1.698, 2.695, 5.42, -8.62, 0.16, 0.38
521423.4, 35.2970464, 136.2499102, 131.789, 1.705, 2.705, 5.32, -8.62, 0.15, 0.42
521423.6, 35.2970561, 136.2498915, 131.8, 1.709, 2.714, 5.34, -8.5, 0.13, 0.41
521423.8, 35.2970655, 136.2498731, 131.873, 1.714, 2.716, 5.26, -8.38, 0.09, 0.43
521424, 35.2970747, 136.2498542, 131.974, 1.717, 2.717, 5.2, -8.42, 0.06, 0.41
521424.2, 35.297084, 136.2498355, 132.046, 1.718, 2.717, 5.18, -8.41, 0.02, 0.39
521424.4, 35.2970937, 136.2498171, 132.077, 1.721, 2.729, 5.28, -8.37, 0.01, 0.4
521424.6, 35.2971029, 136.2497983, 132.111, 1.716, 2.733, 5.21, -8.43, 0.02, 0.36
521424.8, 35.2971125, 136.2497801, 132.091, 1.713, 2.733, 5.25, -8.36, 0.04, 0.35
521425, 35.2971218, 136.2497616, 132.017, 1.708, 2.735, 5.17, -8.43, 0.08, 0.33
521425.2, 35.2971314, 136.2497429, 132.016, 1.709, 2.742, 5.25, -8.47, 0.09, 0.36
521425.4, 35.2971408, 136.2497246, 131.921, 1.699, 2.724, 5.23, -8.42, 0.15, 0.3
521425.6, 35.2971503, 136.2497063, 131.793, 1.695, 2.711, 5.22, -8.39, 0.21, 0.34
521425.8, 35.2971598, 136.2496873, 131.774, 1.697, 2.716, 5.23, -8.47, 0.21, 0.4
521426, 35.2971693, 136.2496687, 131.771, 1.698, 2.715, 5.25, -8.42, 0.21, 0.39
521426.2, 35.2971788, 136.2496497, 131.769, 1.696, 2.711, 5.24, -8.44, 0.2, 0.36
521426.4, 35.2971884, 136.2496311, 131.725, 1.693, 2.709, 5.28, -8.42, 0.2, 0.35
521426.6, 35.2971979, 136.2496122, 131.812, 1.688, 2.702, 5.29, -8.45, 0.13, 0.29
521426.8, 35.2972076, 136.2495937, 131.852, 1.683, 2.693, 5.34, -8.43, 0.11, 0.3
521427, 35.2972172, 136.2495749, 131.904, 1.677, 2.681, 5.38, -8.4, 0.09, 0.27
521427.2, 35.297227, 136.2495565, 131.955, 1.669, 2.671, 5.42, -8.39, 0.05, 0.27
521427.4, 35.2972371, 136.2495385, 132.022, 1.663, 2.66, 5.57, -8.29, 0.03, 0.27
521427.6, 35.2972471, 136.2495208, 131.98, 1.661, 2.66, 5.53, -8.24, 0.03, 0.29
521427.8, 35.2972573, 136.2495028, 131.966, 1.66, 2.663, 5.61, -8.19, 0.02, 0.31
521428, 35.2972678, 136.2494852, 131.951, 1.658, 2.654, 5.73, -8.08, 0, 0.35
521428.2, 35.2972782, 136.2494672, 131.979, 1.656, 2.651, 5.7, -8.13, -0.02, 0.35
521428.4, 35.2972887, 136.2494497, 132.004, 1.653, 2.647, 5.75, -8.08, -0.05, 0.36
521428.6, 35.297299, 136.2494319, 132.021, 1.649, 2.637, 5.7, -8.09, -0.06, 0.36
521428.8, 35.2973091, 136.2494138, 132.057, 1.644, 2.62, 5.65, -8.18, -0.05, 0.35
521429, 35.2973193, 136.2493958, 132.069, 1.639, 2.61, 5.66, -8.17, -0.03, 0.34
521429.2, 35.2973295, 136.2493777, 132.076, 1.628, 2.591, 5.65, -8.17, -0.02, 0.32
521429.4, 35.2973392, 136.2493604, 132.069, 1.619, 2.575, 5.52, -8.17, 0, 0.32
521429.6, 35.2973492, 136.2493421, 132.037, 1.614, 2.564, 5.51, -8.24, 0, 0.33
521429.8, 35.2973592, 136.2493243, 132.033, 1.609, 2.556, 5.57, -8.22, -0.01, 0.32
521430, 35.2973691, 136.2493065, 132.008, 1.609, 2.559, 5.53, -8.19, 0.01, 0.33
521430.2, 35.2973789, 136.2492884, 131.973, 1.608, 2.564, 5.44, -8.21, 0.03, 0.35
521430.4, 35.2973886, 136.2492702, 131.963, 1.606, 2.567, 5.41, -8.33, 0.03, 0.36
521430.6, 35.2973984, 136.2492523, 131.91, 1.601, 2.568, 5.41, -8.25, 0.04, 0.33
521430.8, 35.2974079, 136.2492342, 131.89, 1.602, 2.572, 5.33, -8.23, 0.03, 0.36
521431, 35.2974176, 136.2492158, 131.878, 1.609, 2.581, 5.36, -8.32, 0.04, 0.39
521431.2, 35.2974272, 136.2491974, 131.866, 1.612, 2.591, 5.35, -8.37, 0.03, 0.36
521431.4, 35.2974369, 136.249179, 131.855, 1.614, 2.603, 5.35, -8.37, 0.03, 0.35
521431.6, 35.2974465, 136.2491607, 131.836, 1.616, 2.613, 5.35, -8.37, 0.04, 0.34
521431.8, 35.2974559, 136.249142, 131.779, 1.614, 2.614, 5.34, -8.53, 0.06, 0.33
521432, 35.2974653, 136.2491234, 131.724, 1.617, 2.624, 5.28, -8.48, 0.08, 0.36
521432.2, 35.2974743, 136.2491044, 131.65, 1.62, 2.635, 5.1, -8.6, 0.11, 0.37
521432.4, 35.2974831, 136.2490854, 131.637, 1.625, 2.645, 4.97, -8.6, 0.11, 0.37
521432.6, 35.2974916, 136.2490661, 131.585, 1.623, 2.65, 4.79, -8.71, 0.11, 0.36
521432.8, 35.2975001, 136.2490463, 131.551, 1.619, 2.651, 4.69, -8.92, 0.09, 0.31
521433, 35.2975083, 136.2490264, 131.496, 1.616, 2.654, 4.52, -9, 0.09, 0.3
521433.2, 35.2975164, 136.2490066, 131.514, 1.61, 2.653, 4.44, -9.03, 0.05, 0.28
521433.4, 35.297524, 136.2489869, 131.565, 1.61, 2.655, 4.24, -9.02, -0.01, 0.31
521433.6, 35.2975316, 136.2489672, 131.601, 1.611, 2.654, 4.22, -8.98, -0.04, 0.37
521433.8, 35.2975385, 136.2489468, 131.724, 1.605, 2.64, 3.97, -9.09, -0.09, 0.35
521434, 35.2975455, 136.2489269, 131.769, 1.605, 2.639, 3.89, -9.05, -0.11, 0.37
521434.2, 35.2975524, 136.2489069, 131.727, 1.61, 2.634, 3.92, -9.12, -0.06, 0.42
521434.4, 35.2975594, 136.2488865, 131.693, 1.612, 2.627, 3.91, -9.23, -0.03, 0.43
521434.6, 35.2975662, 136.2488661, 131.666, 1.618, 2.628, 3.79, -9.27, -0.01, 0.45
521434.8, 35.2975729, 136.2488458, 131.573, 1.618, 2.618, 3.74, -9.31, 0.04, 0.43
521435, 35.2975797, 136.2488259, 131.422, 1.617, 2.605, 3.7, -9.26, 0.1, 0.43
521435.2, 35.2975866, 136.2488052, 131.313, 1.615, 2.591, 3.69, -9.36, 0.13, 0.41
521435.4, 35.2975932, 136.2487845, 131.262, 1.623, 2.597, 3.64, -9.39, 0.13, 0.44
521435.6, 35.2975996, 136.248764, 131.081, 1.628, 2.596, 3.46, -9.46, 0.17, 0.44
521435.8, 35.2976059, 136.2487432, 130.915, 1.618, 2.575, 3.28, -9.49, 0.17, 0.36
521436, 35.2976119, 136.248722, 130.792, 1.618, 2.569, 3.2, -9.61, 0.2, 0.37
521436.2, 35.2976173, 136.2487007, 130.683, 1.621, 2.57, 2.96, -9.73, 0.21, 0.37
521436.4, 35.2976223, 136.2486793, 130.603, 1.618, 2.561, 2.72, -9.78, 0.21, 0.36
521436.6, 35.2976271, 136.2486581, 130.471, 1.615, 2.555, 2.55, -9.74, 0.22, 0.35
521436.8, 35.2976316, 136.2486364, 130.418, 1.615, 2.551, 2.41, -9.87, 0.22, 0.35
521437, 35.2976353, 136.2486147, 130.405, 1.615, 2.554, 2.11, -9.84, 0.19, 0.36
521437.2, 35.2976388, 136.248593, 130.34, 1.617, 2.563, 1.93, -9.88, 0.2, 0.37
521437.4, 35.2976418, 136.2485713, 130.285, 1.617, 2.571, 1.58, -9.85, 0.19, 0.36
521437.6, 35.2976441, 136.2485497, 130.246, 1.621, 2.579, 1.26, -9.81, 0.18, 0.37
521437.8, 35.2976458, 136.2485283, 130.198, 1.63, 2.591, 0.98, -9.74, 0.17, 0.42
521438, 35.2976464, 136.2485064, 130.214, 1.636, 2.602, 0.52, -9.83, 0.15, 0.38
521438.2, 35.2976463, 136.2484847, 130.204, 1.642, 2.614, 0.16, -9.83, 0.14, 0.37
521438.4, 35.2976458, 136.2484634, 130.193, 1.653, 2.628, -0.12, -9.74, 0.12, 0.38
521438.6, 35.2976447, 136.2484425, 130.15, 1.662, 2.639, -0.45, -9.64, 0.11, 0.37
521438.8, 35.2976428, 136.2484218, 130.155, 1.67, 2.649, -0.81, -9.46, 0.08, 0.36
521439, 35.2976403, 136.2484011, 130.23, 1.683, 2.664, -1.13, -9.39, 0.02, 0.41
521439.2, 35.2976373, 136.2483814, 130.276, 1.697, 2.678, -1.44, -9.14, -0.01, 0.42
521439.4, 35.2976343, 136.2483621, 130.368, 1.71, 2.693, -1.56, -8.9, -0.06, 0.36
521439.6, 35.2976309, 136.2483429, 130.482, 1.721, 2.708, -1.69, -8.78, -0.11, 0.35
521439.8, 35.2976271, 136.2483241, 130.575, 1.743, 2.728, -1.87, -8.65, -0.13, 0.39
521440, 35.297622, 136.2483062, 130.663, 1.752, 2.741, -2.26, -8.43, -0.15, 0.31
521440.2, 35.2976165, 136.2482884, 130.721, 1.759, 2.753, -2.62, -8.34, -0.13, 0.31
521440.4, 35.2976098, 136.2482712, 130.794, 1.749, 2.759, -3.09, -8.13, -0.13, 0.31
521440.6, 35.2976029, 136.2482544, 130.842, 1.747, 2.766, -3.51, -7.89, -0.12, 0.29
521440.8, 35.2975954, 136.2482379, 130.847, 1.742, 2.767, -3.94, -7.71, -0.1, 0.28
521441, 35.2975873, 136.2482219, 130.831, 1.741, 2.768, -4.28, -7.5, -0.08, 0.29
521441.2, 35.2975784, 136.2482064, 130.789, 1.738, 2.763, -4.73, -7.25, -0.06, 0.27
521441.4, 35.2975695, 136.2481909, 130.81, 1.738, 2.759, -5, -7.14, -0.05, 0.27
521441.6, 35.2975599, 136.2481766, 130.726, 1.74, 2.759, -5.33, -6.84, 0, 0.26
521441.8, 35.2975499, 136.248162, 130.774, 1.744, 2.767, -5.57, -6.7, 0, 0.26
521442, 35.2975393, 136.2481484, 130.782, 1.749, 2.776, -5.77, -6.44, -0.01, 0.26
521442.2, 35.2975285, 136.2481353, 130.834, 1.752, 2.778, -6.01, -6.21, -0.01, 0.25
521442.4, 35.2975173, 136.2481227, 130.828, 1.755, 2.779, -6.19, -6.03, 0.01, 0.25
521442.6, 35.2975054, 136.2481109, 130.785, 1.753, 2.776, -6.44, -5.78, 0.01, 0.23
521442.8, 35.2974932, 136.2480992, 130.809, 1.757, 2.78, -6.58, -5.54, -0.01, 0.25
521443, 35.2974806, 136.2480879, 130.885, 1.762, 2.788, -6.83, -5.32, -0.02, 0.27
521443.2, 35.2974675, 136.248077, 130.928, 1.766, 2.79, -7.06, -5.12, -0.03, 0.28
521443.4, 35.297454, 136.2480675, 130.878, 1.769, 2.791, -7.26, -4.75, -0.01, 0.28
521443.6, 35.2974401, 136.2480582, 130.805, 1.769, 2.779, -7.48, -4.53, 0, 0.26
521443.8, 35.2974259, 136.2480493, 130.782, 1.771, 2.78, -7.69, -4.33, 0.01, 0.29
521444, 35.2974112, 136.2480411, 130.736, 1.776, 2.788, -7.92, -4.03, 0.04, 0.3
521444.2, 35.2973964, 136.2480333, 130.692, 1.778, 2.795, -8.08, -3.78, 0.06, 0.3
521444.4, 35.2973812, 136.2480262, 130.624, 1.781, 2.799, -8.29, -3.51, 0.08, 0.3
521444.6, 35.2973657, 136.2480201, 130.504, 1.781, 2.797, -8.47, -3.13, 0.11, 0.3
521444.8, 35.2973495, 136.2480151, 130.423, 1.781, 2.794, -8.69, -2.76, 0.12, 0.38
521445, 35.2973331, 136.2480103, 130.395, 1.78, 2.793, -8.88, -2.39, 0.12, 0.4
521445.2, 35.2973167, 136.2480065, 130.362, 1.781, 2.793, -8.95, -1.98, 0.13, 0.41
521445.4, 35.2973, 136.2480032, 130.32, 1.784, 2.794, -9.11, -1.67, 0.13, 0.41
521445.6, 35.2972832, 136.248001, 130.253, 1.787, 2.793, -9.19, -1.25, 0.12, 0.41
521445.8, 35.2972659, 136.2479998, 130.281, 1.793, 2.8, -9.32, -0.76, 0.08, 0.42
521446, 35.2972489, 136.2479993, 130.357, 1.804, 2.81, -9.25, -0.33, 0.03, 0.47
521446.2, 35.2972317, 136.2480003, 130.366, 1.812, 2.822, -9.32, 0.17, 0.01, 0.51
521446.4, 35.297214, 136.2480021, 130.426, 1.814, 2.828, -9.5, 0.64, -0.01, 0.45
521446.6, 35.2971965, 136.248005, 130.494, 1.822, 2.837, -9.52, 1.11, -0.04, 0.49
521446.8, 35.2971795, 136.2480093, 130.512, 1.82, 2.839, -9.46, 1.7, -0.04, 0.43
521447, 35.297162, 136.2480148, 130.501, 1.829, 2.844, -9.53, 2.12, -0.02, 0.5
521447.2, 35.2971449, 136.2480213, 130.546, 1.835, 2.842, -9.4, 2.68, -0.03, 0.51
521447.4, 35.2971279, 136.2480287, 130.587, 1.84, 2.842, -9.34, 3.17, -0.04, 0.5
521447.6, 35.297111, 136.248037, 130.596, 1.841, 2.846, -9.31, 3.62, -0.04, 0.47
521447.8, 35.297095, 136.248047, 130.483, 1.845, 2.844, -9.15, 4.15, -0.03, 0.5
521448, 35.2970789, 136.2480578, 130.394, 1.849, 2.832, -9.05, 4.58, 0, 0.5
521448.2, 35.2970631, 136.2480699, 130.31, 1.848, 2.817, -8.89, 5.15, 0.05, 0.49
521448.4, 35.2970474, 136.2480828, 130.284, 1.85, 2.817, -8.76, 5.64, 0.05, 0.51
521448.6, 35.2970323, 136.2480973, 130.158, 1.854, 2.817, -8.55, 6.16, 0.08, 0.56
521448.8, 35.2970172, 136.2481123, 130.056, 1.862, 2.807, -8.39, 6.65, 0.11, 0.55
521449, 35.2970029, 136.248128, 129.997, 1.869, 2.811, -8.14, 7.07, 0.13, 0.54
521449.2, 35.296989, 136.2481446, 129.954, 1.872, 2.811, -7.86, 7.54, 0.16, 0.51
521449.4, 35.2969756, 136.2481623, 129.908, 1.877, 2.814, -7.59, 7.97, 0.17, 0.5
521449.6, 35.2969629, 136.2481808, 129.852, 1.88, 2.821, -7.26, 8.37, 0.18, 0.49
521449.8, 35.2969507, 136.2482005, 129.769, 1.886, 2.826, -6.92, 8.85, 0.2, 0.49
521450, 35.2969385, 136.2482215, 129.771, 1.881, 2.818, -6.68, 9.35, 0.18, 0.42
521450.2, 35.2969276, 136.2482428, 129.801, 1.881, 2.812, -6.32, 9.66, 0.17, 0.42
521450.4, 35.296917, 136.2482646, 129.87, 1.885, 2.815, -6.04, 9.92, 0.14, 0.44
521450.6, 35.296907, 136.2482873, 129.852, 1.888, 2.819, -5.74, 10.28, 0.14, 0.43
521450.8, 35.296898, 136.2483103, 129.92, 1.892, 2.819, -5.32, 10.49, 0.12, 0.44
521451, 35.2968895, 136.2483343, 129.926, 1.891, 2.824, -4.97, 10.79, 0.13, 0.36
521451.2, 35.2968817, 136.2483589, 129.94, 1.889, 2.823, -4.61, 11.01, 0.13, 0.35
521451.4, 35.2968746, 136.2483834, 129.941, 1.893, 2.83, -4.21, 11.15, 0.13, 0.37
521451.6, 35.2968686, 136.2484082, 129.909, 1.89, 2.829, -3.73, 11.35, 0.14, 0.36
521451.8, 35.2968625, 136.2484339, 129.903, 1.897, 2.837, -3.53, 11.59, 0.13, 0.43
521452, 35.2968573, 136.2484592, 129.919, 1.908, 2.849, -3.21, 11.59, 0.12, 0.5
521452.2, 35.2968534, 136.248485, 129.959, 1.916, 2.86, -2.72, 11.73, 0.09, 0.48
521452.4, 35.2968507, 136.2485106, 129.942, 1.913, 2.869, -2.12, 11.79, 0.08, 0.41
521452.6, 35.2968486, 136.2485365, 129.986, 1.913, 2.877, -1.68, 11.92, 0.05, 0.41
521452.8, 35.2968471, 136.2485628, 129.972, 1.915, 2.885, -1.26, 11.99, 0.05, 0.42
521453, 35.2968464, 136.2485887, 129.984, 1.911, 2.89, -0.86, 12.01, 0.04, 0.41
521453.2, 35.2968464, 136.2486148, 130.028, 1.906, 2.89, -0.36, 12.06, 0.04, 0.4
521453.4, 35.2968469, 136.2486407, 129.983, 1.901, 2.892, -0.05, 12.02, 0.04, 0.4
521453.6, 35.296848, 136.2486666, 130.03, 1.896, 2.889, 0.19, 12.05, 0.03, 0.41
521453.8, 35.2968498, 136.2486929, 130.066, 1.891, 2.885, 0.54, 12.16, 0.03, 0.38
521454, 35.2968522, 136.2487188, 130.148, 1.894, 2.883, 0.91, 12.08, 0.01, 0.42
521454.2, 35.2968555, 136.2487438, 130.262, 1.889, 2.866, 1.25, 11.9, -0.02, 0.42
521454.4, 35.2968589, 136.2487692, 130.358, 1.88, 2.841, 1.54, 11.84, -0.05, 0.37
521454.6, 35.2968626, 136.248795, 130.405, 1.872, 2.815, 1.79, 11.81, -0.04, 0.36
521454.8, 35.2968663, 136.2488202, 130.437, 1.865, 2.786, 2, 11.65, -0.03, 0.35
521455, 35.2968706, 136.248845, 130.405, 1.856, 2.755, 2.28, 11.47, 0.02, 0.31
521455.2, 35.2968755, 136.24887, 130.374, 1.849, 2.733, 2.47, 11.45, 0.04, 0.29
521455.4, 35.2968806, 136.2488945, 130.393, 1.847, 2.724, 2.69, 11.36, 0.03, 0.31
521455.6, 35.2968859, 136.2489188, 130.384, 1.844, 2.716, 2.81, 11.27, 0.04, 0.3
521455.8, 35.2968913, 136.2489428, 130.375, 1.842, 2.71, 2.94, 11.13, 0.04, 0.31
521456, 35.2968965, 136.2489665, 130.482, 1.836, 2.697, 2.78, 11.05, -0.01, 0.3
521456.2, 35.2969021, 136.2489901, 130.508, 1.827, 2.679, 2.89, 10.95, -0.01, 0.3
521456.4, 35.2969072, 136.2490139, 130.583, 1.819, 2.663, 2.86, 10.94, -0.03, 0.3
521456.6, 35.2969117, 136.2490376, 130.615, 1.814, 2.652, 2.64, 10.87, -0.04, 0.29
521456.8, 35.296916, 136.2490616, 130.603, 1.806, 2.642, 2.54, 10.89, -0.02, 0.26
521457, 35.29692, 136.2490859, 130.628, 1.8, 2.636, 2.38, 10.87, -0.02, 0.29
521457.2, 35.2969235, 136.2491095, 130.591, 1.794, 2.621, 2.19, 10.76, 0.01, 0.3
521457.4, 35.2969268, 136.249134, 130.564, 1.792, 2.62, 2.1, 10.94, 0.03, 0.33
521457.6, 35.2969296, 136.2491579, 130.577, 1.788, 2.617, 1.85, 10.82, 0.02, 0.32
521457.8, 35.296932, 136.2491819, 130.526, 1.789, 2.616, 1.61, 10.81, 0.04, 0.39
521458, 35.2969337, 136.2492063, 130.46, 1.788, 2.609, 1.25, 10.91, 0.08, 0.39
521458.2, 35.2969352, 136.2492305, 130.391, 1.791, 2.612, 1.02, 10.93, 0.1, 0.38
521458.4, 35.2969363, 136.249255, 130.318, 1.795, 2.614, 0.75, 10.98, 0.11, 0.4
521458.6, 35.2969368, 136.2492793, 130.285, 1.804, 2.618, 0.48, 10.97, 0.1, 0.46
521458.8, 35.2969365, 136.2493042, 130.294, 1.811, 2.624, 0.12, 11.1, 0.08, 0.43
521459, 35.2969356, 136.2493292, 130.236, 1.819, 2.63, -0.24, 11.19, 0.1, 0.43
521459.2, 35.2969345, 136.2493537, 130.188, 1.829, 2.636, -0.43, 11.11, 0.1, 0.44
521459.4, 35.2969318, 136.2493787, 130.211, 1.828, 2.634, -0.93, 11.26, 0.08, 0.38
521459.6, 35.2969284, 136.249404, 130.2, 1.828, 2.639, -1.36, 11.31, 0.07, 0.41
521459.8, 35.2969247, 136.2494283, 130.204, 1.828, 2.646, -1.73, 11.17, 0.06, 0.35
521460, 35.2969207, 136.249453, 130.197, 1.83, 2.649, -1.95, 11.1, 0.05, 0.35
521460.2, 35.2969154, 136.2494784, 130.187, 1.83, 2.648, -2.36, 11.11, 0.04, 0.37
521460.4, 35.2969091, 136.249504, 130.07, 1.831, 2.647, -2.89, 11.09, 0.09, 0.39
521460.6, 35.2969025, 136.2495293, 130.037, 1.826, 2.638, -3.25, 11.07, 0.11, 0.36
521460.8, 35.2968957, 136.2495538, 130.078, 1.828, 2.642, -3.49, 11.04, 0.1, 0.39
521461, 35.2968888, 136.2495777, 130.019, 1.829, 2.647, -3.68, 10.91, 0.12, 0.38
521461.2, 35.2968813, 136.249602, 130.013, 1.826, 2.647, -3.93, 10.89, 0.09, 0.36
521461.4, 35.2968732, 136.2496259, 130.12, 1.821, 2.644, -4.26, 10.87, 0.01, 0.35
521461.6, 35.2968649, 136.2496499, 130.119, 1.817, 2.642, -4.54, 10.85, -0.01, 0.39
521461.8, 35.2968564, 136.2496735, 130.175, 1.811, 2.64, -4.71, 10.7, -0.05, 0.34
521462, 35.2968475, 136.2496964, 130.186, 1.803, 2.638, -4.9, 10.52, -0.06, 0.32
521462.2, 35.2968378, 136.2497195, 130.204, 1.801, 2.638, -5.17, 10.43, -0.07, 0.37
521462.4, 35.2968282, 136.2497421, 130.194, 1.799, 2.639, -5.29, 10.32, -0.06, 0.42
521462.6, 35.2968178, 136.2497645, 130.226, 1.796, 2.64, -5.55, 10.2, -0.07, 0.4
521462.8, 35.2968072, 136.2497859, 130.245, 1.79, 2.638, -5.7, 9.83, -0.06, 0.32
521463, 35.2967961, 136.2498073, 130.257, 1.781, 2.626, -5.91, 9.73, -0.05, 0.31
521463.2, 35.296785, 136.2498288, 130.257, 1.776, 2.626, -5.99, 9.62, -0.04, 0.32
521463.4, 35.2967735, 136.2498496, 130.224, 1.773, 2.628, -6.21, 9.48, -0.02, 0.33
521463.6, 35.2967618, 136.2498701, 130.208, 1.77, 2.624, -6.35, 9.41, 0, 0.38
521463.8, 35.2967499, 136.2498904, 130.235, 1.766, 2.622, -6.43, 9.3, -0.02, 0.34
521464, 35.2967378, 136.2499104, 130.249, 1.763, 2.62, -6.57, 9.11, -0.04, 0.33
521464.2, 35.2967256, 136.2499301, 130.246, 1.764, 2.621, -6.67, 9.01, -0.03, 0.37
521464.4, 35.2967134, 136.24995, 130.282, 1.764, 2.62, -6.69, 9.1, -0.05, 0.38
521464.6, 35.2967005, 136.2499695, 130.29, 1.766, 2.621, -6.92, 8.98, -0.05, 0.39
521464.8, 35.2966875, 136.2499891, 130.235, 1.766, 2.62, -7.09, 8.86, -0.01, 0.38
521465, 35.2966743, 136.2500089, 130.104, 1.764, 2.614, -7.19, 8.8, 0.06, 0.37
521465.2, 35.296661, 136.2500289, 129.952, 1.762, 2.61, -7.32, 8.83, 0.14, 0.37
521465.4, 35.2966475, 136.2500484, 129.781, 1.76, 2.607, -7.45, 8.73, 0.23, 0.36
521465.6, 35.296634, 136.2500675, 129.586, 1.758, 2.607, -7.53, 8.65, 0.31, 0.36
521465.8, 35.2966198, 136.2500865, 129.412, 1.758, 2.607, -7.79, 8.58, 0.38, 0.36
521466, 35.2966053, 136.2501056, 129.252, 1.758, 2.608, -7.96, 8.54, 0.43, 0.37
521466.2, 35.2965904, 136.2501253, 129.074, 1.76, 2.61, -8.15, 8.68, 0.47, 0.37
521466.4, 35.2965753, 136.2501457, 128.902, 1.759, 2.61, -8.31, 8.96, 0.5, 0.36
521466.6, 35.29656, 136.250166, 128.734, 1.759, 2.609, -8.52, 9.07, 0.52, 0.37
521466.8, 35.2965446, 136.2501869, 128.588, 1.756, 2.61, -8.55, 9.24, 0.52, 0.35
521467, 35.2965289, 136.2502076, 128.46, 1.757, 2.61, -8.71, 9.31, 0.54, 0.38
521467.2, 35.2965131, 136.2502289, 128.258, 1.755, 2.606, -8.73, 9.46, 0.58, 0.37
521467.4, 35.2964969, 136.2502503, 128.044, 1.752, 2.603, -8.86, 9.55, 0.64, 0.36
521467.6, 35.2964805, 136.2502713, 127.822, 1.749, 2.604, -8.98, 9.45, 0.68, 0.36
521467.8, 35.2964645, 136.2502924, 127.664, 1.748, 2.605, -8.92, 9.5, 0.7, 0.39
521468, 35.2964478, 136.2503143, 127.519, 1.75, 2.607, -9.09, 9.76, 0.71, 0.42
521468.2, 35.2964313, 136.2503366, 127.42, 1.745, 2.596, -9.05, 9.97, 0.69, 0.34
521468.4, 35.2964147, 136.2503585, 127.353, 1.746, 2.598, -9.08, 9.99, 0.64, 0.38
521468.6, 35.2963984, 136.2503808, 127.266, 1.752, 2.6, -8.98, 10.08, 0.61, 0.43
521468.8, 35.2963816, 136.2504034, 127.261, 1.75, 2.591, -9.12, 10.19, 0.54, 0.39
521469, 35.2963652, 136.250426, 127.242, 1.743, 2.577, -9.03, 10.28, 0.48, 0.36
521469.2, 35.2963484, 136.2504485, 127.247, 1.736, 2.575, -9.12, 10.2, 0.44, 0.32
521469.4, 35.2963318, 136.250471, 127.201, 1.735, 2.581, -9.08, 10.23, 0.4, 0.34
521469.6, 35.2963155, 136.2504934, 127.159, 1.734, 2.588, -9.04, 10.24, 0.38, 0.38
521469.8, 35.2962994, 136.2505153, 127.21, 1.735, 2.586, -8.91, 10.19, 0.31, 0.41
521470, 35.2962832, 136.2505371, 127.275, 1.74, 2.59, -8.93, 10.11, 0.25, 0.45
521470.2, 35.296267, 136.2505591, 127.267, 1.753, 2.599, -8.94, 10.09, 0.23, 0.52
521470.4, 35.2962509, 136.2505815, 127.266, 1.749, 2.603, -8.88, 10.16, 0.22, 0.41
521470.6, 35.2962343, 136.2506035, 127.325, 1.744, 2.599, -8.95, 10.05, 0.17, 0.36
521470.8, 35.2962186, 136.2506251, 127.364, 1.743, 2.597, -8.73, 9.9, 0.14, 0.37
521471, 35.2962027, 136.250647, 127.39, 1.748, 2.601, -8.69, 9.88, 0.12, 0.44
521471.2, 35.296187, 136.2506687, 127.384, 1.751, 2.606, -8.65, 9.88, 0.1, 0.4
521471.4, 35.2961712, 136.2506899, 127.434, 1.752, 2.61, -8.66, 9.76, 0.06, 0.39
521471.6, 35.2961552, 136.2507116, 127.465, 1.753, 2.607, -8.69, 9.8, 0.06, 0.42
521471.8, 35.2961394, 136.250733, 127.506, 1.748, 2.604, -8.63, 9.67, 0.05, 0.35
521472, 35.2961241, 136.2507544, 127.464, 1.744, 2.603, -8.53, 9.62, 0.07, 0.38
521472.2, 35.2961085, 136.2507755, 127.439, 1.746, 2.596, -8.58, 9.54, 0.06, 0.45
521472.4, 35.2960929, 136.2507965, 127.368, 1.75, 2.593, -8.62, 9.52, 0.06, 0.46
521472.6, 35.2960773, 136.2508177, 127.409, 1.748, 2.585, -8.58, 9.6, 0.05, 0.39
521472.8, 35.2960618, 136.2508386, 127.371, 1.739, 2.571, -8.65, 9.39, 0.03, 0.33
521473, 35.2960459, 136.2508592, 127.394, 1.733, 2.569, -8.66, 9.48, 0.01, 0.33
521473.2, 35.2960302, 136.25088, 127.47, 1.732, 2.563, -8.56, 9.38, -0.03, 0.41
521473.4, 35.2960143, 136.2509004, 127.543, 1.73, 2.559, -8.67, 9.24, -0.06, 0.35
521473.6, 35.2959987, 136.2509208, 127.512, 1.732, 2.553, -8.67, 9.21, -0.05, 0.44
521473.8, 35.2959832, 136.2509406, 127.487, 1.737, 2.548, -8.66, 9.02, -0.05, 0.48
521474, 35.2959675, 136.2509602, 127.47, 1.745, 2.544, -8.69, 8.92, -0.05, 0.48
521474.2, 35.2959519, 136.2509798, 127.43, 1.756, 2.55, -8.69, 8.95, -0.04, 0.55
521474.4, 35.2959362, 136.2509992, 127.441, 1.758, 2.545, -8.69, 8.81, -0.04, 0.47
521474.6, 35.2959203, 136.2510185, 127.35, 1.764, 2.538, -8.74, 8.77, 0, 0.5
521474.8, 35.295905, 136.2510376, 127.373, 1.768, 2.534, -8.59, 8.8, -0.02, 0.49
521475, 35.2958894, 136.2510573, 127.329, 1.774, 2.532, -8.61, 8.84, 0, 0.49
521475.2, 35.2958739, 136.2510771, 127.305, 1.774, 2.53, -8.57, 8.93, 0.01, 0.46
521475.4, 35.2958587, 136.2510965, 127.32, 1.775, 2.536, -8.48, 8.9, 0.01, 0.44
521475.6, 35.2958435, 136.2511158, 127.332, 1.779, 2.545, -8.45, 8.85, 0.02, 0.46
521475.8, 35.2958283, 136.2511357, 127.315, 1.777, 2.546, -8.45, 8.91, 0.04, 0.41
521476, 35.2958132, 136.2511552, 127.313, 1.785, 2.551, -8.38, 8.91, 0.03, 0.47
521476.2, 35.295798, 136.2511747, 127.314, 1.789, 2.555, -8.39, 8.87, 0.02, 0.45
521476.4, 35.2957828, 136.2511944, 127.26, 1.794, 2.559, -8.41, 8.89, 0.03, 0.44
521476.6, 35.2957678, 136.2512141, 127.244, 1.796, 2.561, -8.33, 8.96, 0.05, 0.45
521476.8, 35.2957527, 136.2512337, 127.188, 1.796, 2.555, -8.37, 8.94, 0.06, 0.44
521477, 35.2957378, 136.2512535, 127.101, 1.793, 2.549, -8.32, 8.95, 0.08, 0.42
521477.2, 35.2957229, 136.2512731, 127.086, 1.787, 2.544, -8.27, 9, 0.08, 0.37
521477.4, 35.295708, 136.251293, 127.031, 1.784, 2.537, -8.24, 9.07, 0.09, 0.33
521477.6, 35.2956933, 136.2513133, 126.95, 1.784, 2.538, -8.19, 9.16, 0.12, 0.4
521477.8, 35.2956788, 136.2513327, 126.944, 1.785, 2.542, -8.11, 9.07, 0.11, 0.42
521478, 35.2956641, 136.2513531, 126.909, 1.782, 2.546, -8.13, 9.3, 0.11, 0.36
521478.2, 35.29565, 136.2513735, 126.877, 1.779, 2.54, -8, 9.29, 0.11, 0.35
521478.4, 35.2956356, 136.2513942, 126.852, 1.778, 2.542, -7.96, 9.42, 0.11, 0.35
521478.6, 35.2956216, 136.2514143, 126.827, 1.778, 2.544, -7.97, 9.3, 0.12, 0.4
521478.8, 35.2956075, 136.2514351, 126.787, 1.778, 2.541, -7.87, 9.42, 0.12, 0.43
521479, 35.2955931, 136.2514563, 126.758, 1.778, 2.544, -7.89, 9.51, 0.13, 0.4
521479.2, 35.2955785, 136.251477, 126.797, 1.775, 2.546, -7.93, 9.4, 0.13, 0.37
521479.4, 35.2955643, 136.2514978, 126.832, 1.776, 2.551, -7.85, 9.5, 0.1, 0.4
521479.6, 35.2955503, 136.2515185, 126.816, 1.775, 2.543, -7.84, 9.53, 0.09, 0.39
521479.8, 35.295536, 136.251539, 126.873, 1.77, 2.529, -7.89, 9.41, 0.07, 0.37
521480, 35.2955218, 136.2515599, 126.94, 1.764, 2.525, -7.8, 9.52, 0.04, 0.33
521480.2, 35.2955078, 136.2515806, 126.95, 1.761, 2.523, -7.76, 9.5, 0.03, 0.34
521480.4, 35.2954935, 136.251601, 126.915, 1.757, 2.525, -7.83, 9.34, 0.04, 0.35
521480.6, 35.2954795, 136.2516219, 126.926, 1.751, 2.518, -7.75, 9.43, 0.05, 0.32
521480.8, 35.2954653, 136.251643, 126.984, 1.745, 2.508, -7.78, 9.52, 0.05, 0.31
521481, 35.2954513, 136.2516636, 127.035, 1.744, 2.506, -7.75, 9.45, 0.02, 0.34
521481.2, 35.295438, 136.2516843, 126.994, 1.742, 2.504, -7.58, 9.47, 0.03, 0.33
521481.4, 35.295424, 136.2517057, 127.058, 1.742, 2.504, -7.67, 9.66, 0, 0.36
521481.6, 35.2954103, 136.2517268, 127.081, 1.743, 2.5, -7.62, 9.63, -0.01, 0.4
521481.8, 35.2953971, 136.251748, 127.076, 1.742, 2.498, -7.47, 9.64, 0, 0.34
521482, 35.2953837, 136.2517694, 127.055, 1.74, 2.497, -7.5, 9.71, 0.01, 0.33
521482.2, 35.2953702, 136.2517907, 127.113, 1.739, 2.494, -7.47, 9.76, -0.02, 0.33
521482.4, 35.2953572, 136.2518121, 127.154, 1.732, 2.492, -7.3, 9.82, -0.05, 0.31
521482.6, 35.2953442, 136.2518335, 127.135, 1.726, 2.482, -7.32, 9.76, -0.03, 0.3
521482.8, 35.295331, 136.2518552, 127.114, 1.723, 2.482, -7.35, 9.86, -0.01, 0.31
521483, 35.2953183, 136.2518763, 127.082, 1.719, 2.483, -7.22, 9.81, 0.01, 0.3
521483.2, 35.2953056, 136.2518978, 127.033, 1.716, 2.48, -7.14, 9.81, 0.03, 0.33
521483.4, 35.2952928, 136.2519197, 126.968, 1.713, 2.472, -7.16, 9.92, 0.06, 0.32
521483.6, 35.2952797, 136.2519418, 127.05, 1.709, 2.462, -7.08, 10, 0.02, 0.3
521483.8, 35.2952669, 136.2519638, 127.08, 1.711, 2.459, -7.09, 10.03, -0.01, 0.37
521484, 35.2952542, 136.2519854, 127.16, 1.714, 2.455, -7, 9.87, -0.05, 0.39
521484.2, 35.2952417, 136.2520074, 127.212, 1.719, 2.456, -6.93, 9.95, -0.08, 0.4
521484.4, 35.2952292, 136.2520293, 127.279, 1.726, 2.458, -6.85, 9.99, -0.12, 0.45
521484.6, 35.2952164, 136.2520511, 127.359, 1.732, 2.461, -6.94, 9.96, -0.15, 0.47
521484.8, 35.2952039, 136.2520727, 127.409, 1.732, 2.456, -6.99, 9.9, -0.17, 0.39
521485, 35.2951913, 136.2520946, 127.376, 1.733, 2.453, -7.04, 9.96, -0.13, 0.39
521485.2, 35.2951789, 136.2521162, 127.412, 1.734, 2.453, -6.98, 9.92, -0.14, 0.38
521485.4, 35.2951668, 136.2521378, 127.4, 1.737, 2.456, -6.86, 9.88, -0.12, 0.39
521485.6, 35.2951544, 136.25216, 127.43, 1.739, 2.46, -6.8, 9.9, -0.11, 0.38
521485.8, 35.2951421, 136.252182, 127.383, 1.741, 2.458, -6.81, 9.97, -0.08, 0.41
521486, 35.2951298, 136.2522042, 127.323, 1.744, 2.457, -6.8, 10.08, -0.04, 0.41
521486.2, 35.2951177, 136.2522263, 127.287, 1.748, 2.459, -6.76, 10.02, -0.02, 0.42
521486.4, 35.2951054, 136.2522485, 127.283, 1.752, 2.462, -6.77, 10.08, -0.02, 0.43
521486.6, 35.2950933, 136.2522711, 127.299, 1.759, 2.468, -6.73, 10.19, -0.03, 0.45
521486.8, 35.2950809, 136.252293, 127.305, 1.766, 2.475, -6.8, 10.05, -0.03, 0.46
521487, 35.2950686, 136.2523153, 127.28, 1.773, 2.482, -6.82, 10.1, -0.02, 0.46
521487.2, 35.2950566, 136.2523375, 127.258, 1.779, 2.489, -6.77, 10.12, -0.02, 0.46
521487.4, 35.295044, 136.25236, 127.226, 1.776, 2.494, -6.84, 10.15, 0, 0.38
521487.6, 35.2950311, 136.2523821, 127.238, 1.778, 2.501, -7.03, 10.09, 0.01, 0.39
521487.8, 35.2950185, 136.2524046, 127.21, 1.78, 2.508, -6.95, 10.22, 0.03, 0.38
521488, 35.2950056, 136.2524268, 127.19, 1.78, 2.514, -7.06, 10.12, 0.03, 0.37
521488.2, 35.2949927, 136.2524488, 127.174, 1.78, 2.522, -7.17, 10.01, 0.04, 0.37
521488.4, 35.2949797, 136.2524712, 127.18, 1.781, 2.531, -7.17, 10.17, 0.03, 0.37
521488.6, 35.2949665, 136.2524933, 127.165, 1.786, 2.541, -7.26, 10.1, 0.03, 0.41
521488.8, 35.2949532, 136.2525154, 127.169, 1.793, 2.552, -7.3, 10.11, 0.02, 0.44
521489, 35.2949402, 136.252538, 127.155, 1.794, 2.561, -7.2, 10.2, 0.03, 0.39
521489.2, 35.294927, 136.25256, 127.142, 1.795, 2.57, -7.26, 10.08, 0.04, 0.38
521489.4, 35.2949139, 136.2525827, 127.06, 1.795, 2.575, -7.25, 10.19, 0.09, 0.38
521489.6, 35.2949011, 136.2526048, 126.973, 1.789, 2.577, -7.21, 10.11, 0.11, 0.36
521489.8, 35.2948882, 136.252627, 126.892, 1.784, 2.58, -7.18, 10.06, 0.13, 0.35
521490, 35.2948749, 136.2526491, 126.808, 1.783, 2.584, -7.3, 10.05, 0.14, 0.38
521490.2, 35.2948618, 136.2526714, 126.764, 1.779, 2.586, -7.28, 10.15, 0.13, 0.35
521490.4, 35.2948486, 136.2526936, 126.768, 1.773, 2.586, -7.33, 10.08, 0.09, 0.33
521490.6, 35.2948357, 136.2527165, 126.679, 1.768, 2.589, -7.29, 10.25, 0.1, 0.34
521490.8, 35.294823, 136.2527388, 126.6, 1.761, 2.59, -7.25, 10.18, 0.13, 0.33
521491, 35.29481, 136.2527613, 126.528, 1.756, 2.592, -7.26, 10.18, 0.18, 0.36
521491.2, 35.2947973, 136.252784, 126.407, 1.753, 2.587, -7.21, 10.25, 0.24, 0.37
521491.4, 35.294784, 136.2528065, 126.244, 1.754, 2.587, -7.35, 10.17, 0.29, 0.41
521491.6, 35.2947704, 136.2528301, 126.089, 1.757, 2.593, -7.42, 10.44, 0.36, 0.43
521491.8, 35.2947575, 136.2528531, 125.975, 1.757, 2.601, -7.27, 10.43, 0.39, 0.39
521492, 35.2947445, 136.2528768, 125.865, 1.757, 2.605, -7.25, 10.65, 0.4, 0.38
521492.2, 35.2947315, 136.2529005, 125.782, 1.759, 2.605, -7.25, 10.77, 0.39, 0.39
521492.4, 35.2947186, 136.2529248, 125.711, 1.76, 2.606, -7.21, 10.97, 0.37, 0.39
521492.6, 35.2947056, 136.252949, 125.699, 1.754, 2.601, -7.16, 10.99, 0.32, 0.35
521492.8, 35.2946925, 136.2529733, 125.692, 1.749, 2.596, -7.2, 11.07, 0.29, 0.34
521493, 35.2946798, 136.2529978, 125.63, 1.74, 2.595, -7.11, 11.1, 0.3, 0.34
521493.2, 35.2946673, 136.2530222, 125.525, 1.739, 2.597, -6.97, 11.05, 0.32, 0.37
521493.4, 35.2946545, 136.2530468, 125.422, 1.741, 2.602, -6.99, 11.06, 0.36, 0.42
521493.6, 35.2946418, 136.2530704, 125.294, 1.748, 2.609, -7.07, 10.81, 0.39, 0.46
521493.8, 35.294631, 136.2530891, 125.257, 1.758, 2.616, -6.65, 9.49, 0.37, 0.49
521494, 35.2946236, 136.2531034, 125.214, 1.77, 2.628, -5.52, 7.98, 0.37, 0.53
521494.2, 35.2946171, 136.2531174, 125.159, 1.793, 2.641, -4.66, 7.31, 0.39, 0.61
521494.4, 35.2946134, 136.2531275, 125.152, 1.82, 2.656, -3.56, 6.23, 0.39, 0.64
521494.6, 35.2946141, 136.2531298, 125.182, 1.817, 2.653, -2.14, 4.25, 0.31, 0.62
521494.8, 35.2946171, 136.2531262, 125.264, 1.783, 2.611, -0.81, 2.09, 0.23, 0.46
521495, 35.2946177, 136.2531243, 125.491, 1.755, 2.555, -0.38, 1.01, 0.13, 0.36
521495.2, 35.2946172, 136.2531251, 125.424, 1.745, 2.526, -0.34, 0.78, 0.16, 0.35
521495.4, 35.2946172, 136.2531247, 125.579, 1.733, 2.502, -0.13, 0.41, 0.1, 0.37
521495.6, 35.2946172, 136.2531246, 125.701, 1.717, 2.487, -0.18, 0.27, 0.01, 0.39
521495.8, 35.2946174, 136.2531251, 125.663, 1.707, 2.48, -0.04, 0.36, 0, 0.38
521496, 35.2946175, 136.2531254, 125.516, 1.692, 2.459, -0.15, 0.18, 0.03, 0.37
521496.2, 35.2946179, 136.2531255, 125.422, 1.68, 2.441, 0.03, 0.14, 0.03, 0.35
521496.4, 35.2946181, 136.2531257, 125.401, 1.667, 2.42, 0.04, 0.18, 0, 0.32
521496.6, 35.2946179, 136.2531259, 125.347, 1.666, 2.409, -0.06, 0.12, -0.01, 0.39
521496.8, 35.2946182, 136.2531257, 125.295, 1.659, 2.398, -0.01, -0.01, -0.02, 0.25
521497, 35.2946185, 136.2531255, 125.223, 1.648, 2.384, 0.04, -0.07, -0.02, 0.33
521497.2, 35.2946188, 136.2531249, 125.108, 1.635, 2.367, 0.01, -0.19, -0.01, 0.33
521497.4, 35.2946186, 136.2531246, 125.015, 1.638, 2.364, -0.04, -0.18, 0.01, 0.34
521497.6, 35.2946186, 136.2531244, 124.876, 1.636, 2.353, -0.05, -0.13, 0.04, 0.32
521497.8, 35.2946192, 136.2531241, 124.788, 1.63, 2.347, 0.06, -0.04, 0.07, 0.31
521498, 35.2946194, 136.2531241, 124.709, 1.617, 2.333, 0.07, 0.07, 0.05, 0.22
521498.2, 35.2946197, 136.253124, 124.614, 1.605, 2.317, 0.08, 0.16, 0.06, 0.23
521498.4, 35.29462, 136.2531241, 124.54, 1.593, 2.302, 0.08, 0.12, 0.07, 0.27
521498.6, 35.2946202, 136.253124, 124.525, 1.578, 2.287, 0.02, 0.14, 0.04, 0.27
521498.8, 35.2946205, 136.253124, 124.46, 1.563, 2.272, 0, 0.09, 0.04, 0.26
521499, 35.2946206, 136.2531241, 124.354, 1.549, 2.256, 0.04, 0.1, 0.05, 0.23
521499.2, 35.2946207, 136.2531245, 124.266, 1.536, 2.239, 0.02, 0.11, 0.04, 0.26
521499.4, 35.2946208, 136.2531248, 124.192, 1.522, 2.221, 0.03, 0.05, 0.03, 0.23
521499.6, 35.2946212, 136.2531252, 124.11, 1.506, 2.202, 0.08, 0.08, 0.06, 0.2
521499.8, 35.2946216, 136.2531249, 124.042, 1.49, 2.18, 0.07, 0.1, 0.08, 0.19
521500, 35.2946219, 136.253125, 124.007, 1.477, 2.165, 0.08, 0.14, 0.06, 0.2
